506295_unique_latency_date,506295_unique_latency_time,506295_unique_latency_p50,506295_unique_latency_p999,_kafka_source_latency_date,_kafka_source_latency_time,_kafka_source_latency_p50,_kafka_source_latency_p999,_kafka_source_latency_date,_kafka_source_latency_time,_kafka_source_latency_p50,_kafka_source_latency_p999,202181_unique_latency_date,202181_unique_latency_time,202181_unique_latency_p50,202181_unique_latency_p999,969038_unique_latency_date,969038_unique_latency_time,969038_unique_latency_p50,969038_unique_latency_p999,_kafka_source_latency_date,_kafka_source_latency_time,_kafka_source_latency_p50,_kafka_source_latency_p999,_kafka_source_latency_date,_kafka_source_latency_time,_kafka_source_latency_p50,_kafka_source_latency_p999
2016-4-8,16:47:32,13133,63280,2016-4-8,16:46:11,25615,30585,2016-4-8,16:46:11,21227,33363,2016-4-8,16:46:11,25712,60996,2016-4-8,16:46:11,9964,43993,2016-4-8,16:46:11,24680,34853,2016-4-8,16:46:11,24129,43131
2016-4-8,16:47:33,13110,63251,2016-4-8,16:46:12,24836,125439,2016-4-8,16:46:12,23286,45876,2016-4-8,16:46:12,19339,60970,2016-4-8,16:46:12,7617,43953,2016-4-8,16:46:12,20307,44112,2016-4-8,16:46:12,21319,49451
2016-4-8,16:47:34,13087,63213,2016-4-8,16:46:13,18847,182843,2016-4-8,16:46:13,18782,45955,2016-4-8,16:46:13,14282,60907,2016-4-8,16:46:13,6441,43880,2016-4-8,16:46:13,16791,45999,2016-4-8,16:46:13,17699,50247
2016-4-8,16:47:35,13066,63172,2016-4-8,16:46:14,16181,176055,2016-4-8,16:46:14,15854,44887,2016-4-8,16:46:14,12272,60833,2016-4-8,16:46:14,6161,43805,2016-4-8,16:46:14,16293,44316,2016-4-8,16:46:14,17587,54807
2016-4-8,16:47:36,13045,63130,2016-4-8,16:46:15,16571,189717,2016-4-8,16:46:15,15599,45634,2016-4-8,16:46:15,11953,60747,2016-4-8,16:46:15,6097,43717,2016-4-8,16:46:15,15384,43141,2016-4-8,16:46:15,16141,48878
2016-4-8,16:47:37,13022,63088,2016-4-8,16:46:16,15795,180394,2016-4-8,16:46:16,15232,47579,2016-4-8,16:46:16,11997,81623,2016-4-8,16:46:16,5889,58695,2016-4-8,16:46:16,15868,44585,2016-4-8,16:46:16,16841,52605
2016-4-8,16:47:38,13003,63047,2016-4-8,16:46:17,15932,182424,2016-4-8,16:46:17,15458,51142,2016-4-8,16:46:17,11872,132655,2016-4-8,16:46:17,5768,61454,2016-4-8,16:46:17,15715,44977,2016-4-8,16:46:17,16303,50939
2016-4-8,16:47:39,12996,63017,2016-4-8,16:46:18,15508,175275,2016-4-8,16:46:18,14603,49636,2016-4-8,16:46:18,11783,132607,2016-4-8,16:46:18,5709,61223,2016-4-8,16:46:18,15303,45905,2016-4-8,16:46:18,16194,51236
2016-4-8,16:47:40,12981,62162,2016-4-8,16:46:19,15873,180657,2016-4-8,16:46:19,15512,53071,2016-4-8,16:46:19,11840,132565,2016-4-8,16:46:19,5774,53737,2016-4-8,16:46:19,15141,48600,2016-4-8,16:46:19,15929,49490
2016-4-8,16:47:41,12971,61858,2016-4-8,16:46:20,15715,180435,2016-4-8,16:46:20,15127,208461,2016-4-8,16:46:20,12087,132506,2016-4-8,16:46:20,5827,43948,2016-4-8,16:46:20,14998,48306,2016-4-8,16:46:20,15475,50250
2016-4-8,16:47:42,12980,61767,2016-4-8,16:46:21,15320,178828,2016-4-8,16:46:21,14867,216581,2016-4-8,16:46:21,12208,132447,2016-4-8,16:46:21,5855,43883,2016-4-8,16:46:21,14827,48967,2016-4-8,16:46:21,15761,51309
2016-4-8,16:47:43,12993,62740,2016-4-8,16:46:22,15346,180257,2016-4-8,16:46:22,14956,217708,2016-4-8,16:46:22,12185,132387,2016-4-8,16:46:22,5853,43834,2016-4-8,16:46:22,14666,47610,2016-4-8,16:46:22,15680,53650
2016-4-8,16:47:44,12979,63177,2016-4-8,16:46:23,15297,182933,2016-4-8,16:46:23,14495,221798,2016-4-8,16:46:23,12093,132328,2016-4-8,16:46:23,5834,43783,2016-4-8,16:46:23,14812,50584,2016-4-8,16:46:23,15271,49282
2016-4-8,16:47:45,12954,63131,2016-4-8,16:46:24,14838,181116,2016-4-8,16:46:24,14364,204147,2016-4-8,16:46:24,11954,132269,2016-4-8,16:46:24,5779,43655,2016-4-8,16:46:24,14299,49132,2016-4-8,16:46:24,15477,53093
2016-4-8,16:47:46,12934,63097,2016-4-8,16:46:25,14899,182168,2016-4-8,16:46:25,14543,231691,2016-4-8,16:46:25,11877,132225,2016-4-8,16:46:25,5748,43468,2016-4-8,16:46:25,14015,47082,2016-4-8,16:46:25,15405,52880
2016-4-8,16:47:47,12914,63064,2016-4-8,16:46:26,14358,181997,2016-4-8,16:46:26,13825,208840,2016-4-8,16:46:26,11911,132211,2016-4-8,16:46:26,5710,43271,2016-4-8,16:46:26,14292,50735,2016-4-8,16:46:26,14410,48070
2016-4-8,16:47:48,12886,62938,2016-4-8,16:46:27,14340,181106,2016-4-8,16:46:27,13665,199931,2016-4-8,16:46:27,11955,132195,2016-4-8,16:46:27,5716,35136,2016-4-8,16:46:27,13400,43667,2016-4-8,16:46:27,14451,48441
2016-4-8,16:47:49,12868,61937,2016-4-8,16:46:28,14444,187573,2016-4-8,16:46:28,14227,206369,2016-4-8,16:46:28,11921,132175,2016-4-8,16:46:28,5705,14985,2016-4-8,16:46:28,13951,49173,2016-4-8,16:46:28,14633,51533
2016-4-8,16:47:50,12872,61839,2016-4-8,16:46:29,14417,184489,2016-4-8,16:46:29,13559,200021,2016-4-8,16:46:29,11960,132156,2016-4-8,16:46:29,5748,14967,2016-4-8,16:46:29,13833,49131,2016-4-8,16:46:29,14744,52105
2016-4-8,16:47:51,12868,61742,2016-4-8,16:46:30,13507,171729,2016-4-8,16:46:30,13625,218135,2016-4-8,16:46:30,11910,132135,2016-4-8,16:46:30,5743,14948,2016-4-8,16:46:30,13662,50335,2016-4-8,16:46:30,14399,50168
2016-4-8,16:47:52,12852,61659,2016-4-8,16:46:31,13933,185255,2016-4-8,16:46:31,13661,213429,2016-4-8,16:46:31,11812,132115,2016-4-8,16:46:31,5705,14930,2016-4-8,16:46:31,13584,49140,2016-4-8,16:46:31,14118,50806
2016-4-8,16:47:53,12837,61575,2016-4-8,16:46:32,13743,181920,2016-4-8,16:46:32,13978,227858,2016-4-8,16:46:32,11745,132098,2016-4-8,16:46:32,5686,14912,2016-4-8,16:46:32,13520,50439,2016-4-8,16:46:32,14321,54348
2016-4-8,16:47:54,12815,61462,2016-4-8,16:46:33,13607,179442,2016-4-8,16:46:33,13325,198503,2016-4-8,16:46:33,11818,132083,2016-4-8,16:46:33,5728,14908,2016-4-8,16:46:33,13965,50868,2016-4-8,16:46:33,13862,50352
2016-4-8,16:47:55,12792,61346,2016-4-8,16:46:34,13675,178324,2016-4-8,16:46:34,13821,222357,2016-4-8,16:46:34,11855,132069,2016-4-8,16:46:34,5757,14899,2016-4-8,16:46:34,13813,50505,2016-4-8,16:46:34,13842,50481
2016-4-8,16:47:56,12772,61252,2016-4-8,16:46:35,13464,179026,2016-4-8,16:46:35,13972,225087,2016-4-8,16:46:35,11862,132054,2016-4-8,16:46:35,5774,14886,2016-4-8,16:46:35,13853,50896,2016-4-8,16:46:35,13587,50253
2016-4-8,16:47:57,12757,61209,2016-4-8,16:46:36,13894,186820,2016-4-8,16:46:36,13576,216028,2016-4-8,16:46:36,11854,132035,2016-4-8,16:46:36,5791,14873,2016-4-8,16:46:36,13251,47862,2016-4-8,16:46:36,13964,49864
2016-4-8,16:47:58,12738,61171,2016-4-8,16:46:37,13724,183677,2016-4-8,16:46:37,13749,214828,2016-4-8,16:46:37,11871,132013,2016-4-8,16:46:37,5789,14859,2016-4-8,16:46:37,13917,52250,2016-4-8,16:46:37,13481,49816
2016-4-8,16:47:59,12725,61143,2016-4-8,16:46:38,13764,185838,2016-4-8,16:46:38,13700,228608,2016-4-8,16:46:38,11831,71791,2016-4-8,16:46:38,5773,14849,2016-4-8,16:46:38,13295,49327,2016-4-8,16:46:38,13559,55601
2016-4-8,16:48:0,12729,61119,2016-4-8,16:46:39,13510,194315,2016-4-8,16:46:39,13161,207299,2016-4-8,16:46:39,11754,60902,2016-4-8,16:46:39,5748,14838,2016-4-8,16:46:39,13368,48809,2016-4-8,16:46:39,13707,55646
2016-4-8,16:48:1,12741,61093,2016-4-8,16:46:40,13419,194193,2016-4-8,16:46:40,13889,228527,2016-4-8,16:46:40,11727,60839,2016-4-8,16:46:40,5727,14824,2016-4-8,16:46:40,13400,49115,2016-4-8,16:46:40,13586,54126
2016-4-8,16:48:2,12753,61062,2016-4-8,16:46:41,13548,197707,2016-4-8,16:46:41,13149,206190,2016-4-8,16:46:41,11765,60789,2016-4-8,16:46:41,5743,14810,2016-4-8,16:46:41,13368,48322,2016-4-8,16:46:41,13768,55575
2016-4-8,16:48:3,12753,61032,2016-4-8,16:46:42,13415,195664,2016-4-8,16:46:42,13269,209235,2016-4-8,16:46:42,11778,60705,2016-4-8,16:46:42,5758,14794,2016-4-8,16:46:42,13587,50382,2016-4-8,16:46:42,13508,55249
2016-4-8,16:48:4,12765,61003,2016-4-8,16:46:43,13528,191320,2016-4-8,16:46:43,13282,209530,2016-4-8,16:46:43,11840,60532,2016-4-8,16:46:43,5786,14776,2016-4-8,16:46:43,13292,46675,2016-4-8,16:46:43,13817,54309
2016-4-8,16:48:5,12762,60955,2016-4-8,16:46:44,13838,186602,2016-4-8,16:46:44,13402,207039,2016-4-8,16:46:44,11904,60338,2016-4-8,16:46:44,5810,14732,2016-4-8,16:46:44,13369,47562,2016-4-8,16:46:44,13382,56418
2016-4-8,16:48:6,12767,60913,2016-4-8,16:46:45,13723,187561,2016-4-8,16:46:45,13442,213514,2016-4-8,16:46:45,11960,60120,2016-4-8,16:46:45,5811,14682,2016-4-8,16:46:45,12928,46196,2016-4-8,16:46:45,13675,53482
2016-4-8,16:48:7,12778,60879,2016-4-8,16:46:46,13266,177936,2016-4-8,16:46:46,13490,219970,2016-4-8,16:46:46,12006,59970,2016-4-8,16:46:46,5813,14627,2016-4-8,16:46:46,12967,46852,2016-4-8,16:46:46,13441,53517
2016-4-8,16:48:8,12777,60824,2016-4-8,16:46:47,13532,183224,2016-4-8,16:46:47,13611,222773,2016-4-8,16:46:47,12060,59903,2016-4-8,16:46:47,5814,14571,2016-4-8,16:46:47,13428,49256,2016-4-8,16:46:47,13634,54846
2016-4-8,16:48:9,12767,60759,2016-4-8,16:46:48,13058,175830,2016-4-8,16:46:48,13214,209305,2016-4-8,16:46:48,12031,59847,2016-4-8,16:46:48,5802,14650,2016-4-8,16:46:48,13025,46487,2016-4-8,16:46:48,13442,54598
2016-4-8,16:48:10,12766,60698,2016-4-8,16:46:49,13329,180710,2016-4-8,16:46:49,13174,207744,2016-4-8,16:46:49,11974,59784,2016-4-8,16:46:49,5770,14801,2016-4-8,16:46:49,13251,46924,2016-4-8,16:46:49,13690,55400
2016-4-8,16:48:11,12768,60627,2016-4-8,16:46:50,13221,180379,2016-4-8,16:46:50,13157,169210,2016-4-8,16:46:50,11925,59702,2016-4-8,16:46:50,5737,14786,2016-4-8,16:46:50,13476,48895,2016-4-8,16:46:50,13154,53468
2016-4-8,16:48:12,12777,60522,2016-4-8,16:46:51,13348,184773,2016-4-8,16:46:51,13037,166149,2016-4-8,16:46:51,11964,59625,2016-4-8,16:46:51,5726,14750,2016-4-8,16:46:51,13611,49536,2016-4-8,16:46:51,13274,53291
2016-4-8,16:48:13,12785,60428,2016-4-8,16:46:52,13340,182622,2016-4-8,16:46:52,13255,174077,2016-4-8,16:46:52,12028,59559,2016-4-8,16:46:52,5713,14695,2016-4-8,16:46:52,13001,46521,2016-4-8,16:46:52,13441,52883
2016-4-8,16:48:14,12790,60347,2016-4-8,16:46:53,13063,176816,2016-4-8,16:46:53,13144,174383,2016-4-8,16:46:53,12090,59501,2016-4-8,16:46:53,5705,14638,2016-4-8,16:46:53,13387,47300,2016-4-8,16:46:53,12965,52360
2016-4-8,16:48:15,12792,60253,2016-4-8,16:46:54,12866,178500,2016-4-8,16:46:54,13319,178149,2016-4-8,16:46:54,12151,59441,2016-4-8,16:46:54,5703,14598,2016-4-8,16:46:54,13607,48751,2016-4-8,16:46:54,13330,55774
2016-4-8,16:48:16,12805,60144,2016-4-8,16:46:55,13379,183643,2016-4-8,16:46:55,13294,178589,2016-4-8,16:46:55,12207,59371,2016-4-8,16:46:55,5695,14558,2016-4-8,16:46:55,13301,48218,2016-4-8,16:46:55,13293,53180
2016-4-8,16:48:17,12813,59564,2016-4-8,16:46:56,13242,180101,2016-4-8,16:46:56,12888,168922,2016-4-8,16:46:56,12197,59310,2016-4-8,16:46:56,5676,14503,2016-4-8,16:46:56,12812,47975,2016-4-8,16:46:56,13409,55654
2016-4-8,16:48:18,12821,54951,2016-4-8,16:46:57,13302,182801,2016-4-8,16:46:57,13438,183733,2016-4-8,16:46:57,12177,59255,2016-4-8,16:46:57,5652,14445,2016-4-8,16:46:57,12874,46435,2016-4-8,16:46:57,12797,51907
2016-4-8,16:48:19,12822,54866,2016-4-8,16:46:58,13157,180587,2016-4-8,16:46:58,13165,174777,2016-4-8,16:46:58,12213,59191,2016-4-8,16:46:58,5642,14386,2016-4-8,16:46:58,13406,47499,2016-4-8,16:46:58,12516,46014
2016-4-8,16:48:20,12826,54790,2016-4-8,16:46:59,13229,186298,2016-4-8,16:46:59,13239,178052,2016-4-8,16:46:59,12212,59116,2016-4-8,16:46:59,5627,14334,2016-4-8,16:46:59,13420,49325,2016-4-8,16:46:59,13461,45163
2016-4-8,16:48:21,12836,54743,2016-4-8,16:47:0,13068,179529,2016-4-8,16:47:0,13001,175157,2016-4-8,16:47:0,12145,59030,2016-4-8,16:47:0,5612,14281,2016-4-8,16:47:0,13138,47269,2016-4-8,16:47:0,13413,45137
2016-4-8,16:48:22,12846,54699,2016-4-8,16:47:1,12915,179222,2016-4-8,16:47:1,13307,182554,2016-4-8,16:47:1,12085,58984,2016-4-8,16:47:1,5606,14230,2016-4-8,16:47:1,13523,49418,2016-4-8,16:47:1,13498,45131
2016-4-8,16:48:23,12860,54633,2016-4-8,16:47:2,13418,183887,2016-4-8,16:47:2,13021,176233,2016-4-8,16:47:2,12076,58964,2016-4-8,16:47:2,5609,14185,2016-4-8,16:47:2,13752,50255,2016-4-8,16:47:2,13210,43809
2016-4-8,16:48:24,12876,54563,2016-4-8,16:47:3,12988,179613,2016-4-8,16:47:3,13333,180325,2016-4-8,16:47:3,12066,58943,2016-4-8,16:47:3,5598,14137,2016-4-8,16:47:3,13002,46580,2016-4-8,16:47:3,13084,44986
2016-4-8,16:48:25,12891,54494,2016-4-8,16:47:4,13177,181691,2016-4-8,16:47:4,12542,159109,2016-4-8,16:47:4,12041,58926,2016-4-8,16:47:4,5597,14080,2016-4-8,16:47:4,13458,49884,2016-4-8,16:47:4,12881,44466
2016-4-8,16:48:26,12905,54421,2016-4-8,16:47:5,13253,183165,2016-4-8,16:47:5,13327,185821,2016-4-8,16:47:5,12021,58908,2016-4-8,16:47:5,5594,14027,2016-4-8,16:47:5,13197,46515,2016-4-8,16:47:5,13324,43804
2016-4-8,16:48:27,12919,54352,2016-4-8,16:47:6,13071,181197,2016-4-8,16:47:6,13122,179670,2016-4-8,16:47:6,12020,58882,2016-4-8,16:47:6,5598,13987,2016-4-8,16:47:6,12901,45292,2016-4-8,16:47:6,13361,44465
2016-4-8,16:48:28,12932,54290,2016-4-8,16:47:7,13153,182228,2016-4-8,16:47:7,13022,175978,2016-4-8,16:47:7,12040,58860,2016-4-8,16:47:7,5603,13958,2016-4-8,16:47:7,13574,49802,2016-4-8,16:47:7,13035,44242
2016-4-8,16:48:29,12946,54224,2016-4-8,16:47:8,12810,178079,2016-4-8,16:47:8,13215,179666,2016-4-8,16:47:8,12051,58840,2016-4-8,16:47:8,5606,13929,2016-4-8,16:47:8,12787,43441,2016-4-8,16:47:8,12952,43860
2016-4-8,16:48:30,12955,54173,2016-4-8,16:47:9,13002,178100,2016-4-8,16:47:9,13005,172991,2016-4-8,16:47:9,12088,58821,2016-4-8,16:47:9,5619,13900,2016-4-8,16:47:9,13051,47170,2016-4-8,16:47:9,13462,44476
2016-4-8,16:48:31,12964,54131,2016-4-8,16:47:10,13004,181077,2016-4-8,16:47:10,12805,172491,2016-4-8,16:47:10,12127,58801,2016-4-8,16:47:10,5630,14088,2016-4-8,16:47:10,13016,46649,2016-4-8,16:47:10,13341,45364
2016-4-8,16:48:32,12977,54072,2016-4-8,16:47:11,12948,235767,2016-4-8,16:47:11,13070,179627,2016-4-8,16:47:11,12160,58978,2016-4-8,16:47:11,5641,14926,2016-4-8,16:47:11,13473,49378,2016-4-8,16:47:11,13077,44395
2016-4-8,16:48:33,12990,54014,2016-4-8,16:47:12,13153,239115,2016-4-8,16:47:12,13198,186123,2016-4-8,16:47:12,12161,58998,2016-4-8,16:47:12,5647,14913,2016-4-8,16:47:12,13036,47134,2016-4-8,16:47:12,12965,44044
2016-4-8,16:48:34,13002,53990,2016-4-8,16:47:13,13428,246025,2016-4-8,16:47:13,13083,183605,2016-4-8,16:47:13,12156,59184,2016-4-8,16:47:13,5652,14898,2016-4-8,16:47:13,12741,46985,2016-4-8,16:47:13,13076,45094
2016-4-8,16:48:35,13012,53978,2016-4-8,16:47:14,13195,198848,2016-4-8,16:47:14,12801,174055,2016-4-8,16:47:14,12189,59424,2016-4-8,16:47:14,5667,14881,2016-4-8,16:47:14,13058,48314,2016-4-8,16:47:14,13003,44354
2016-4-8,16:48:36,13025,53965,2016-4-8,16:47:15,13251,190651,2016-4-8,16:47:15,13353,185696,2016-4-8,16:47:15,12216,59396,2016-4-8,16:47:15,5683,14849,2016-4-8,16:47:15,12914,45370,2016-4-8,16:47:15,12864,43683
2016-4-8,16:48:37,13042,53955,2016-4-8,16:47:16,12921,186923,2016-4-8,16:47:16,12986,182038,2016-4-8,16:47:16,12226,59615,2016-4-8,16:47:16,5685,14832,2016-4-8,16:47:16,13180,47071,2016-4-8,16:47:16,12974,44243
2016-4-8,16:48:38,13060,53944,2016-4-8,16:47:17,13429,191285,2016-4-8,16:47:17,13144,180789,2016-4-8,16:47:17,12209,59799,2016-4-8,16:47:17,5682,14816,2016-4-8,16:47:17,13380,47844,2016-4-8,16:47:17,12615,44547
2016-4-8,16:48:39,13072,53935,2016-4-8,16:47:18,13435,193575,2016-4-8,16:47:18,12831,174793,2016-4-8,16:47:18,12183,59779,2016-4-8,16:47:18,5681,14800,2016-4-8,16:47:18,13433,48430,2016-4-8,16:47:18,12885,45129
2016-4-8,16:48:40,13083,53927,2016-4-8,16:47:19,12825,186997,2016-4-8,16:47:19,12907,176016,2016-4-8,16:47:19,12180,59761,2016-4-8,16:47:19,5685,14784,2016-4-8,16:47:19,13525,48529,2016-4-8,16:47:19,13203,44637
2016-4-8,16:48:41,13098,53890,2016-4-8,16:47:20,13480,189057,2016-4-8,16:47:20,13457,191917,2016-4-8,16:47:20,12199,59993,2016-4-8,16:47:20,5694,14767,2016-4-8,16:47:20,13134,47839,2016-4-8,16:47:20,13220,44832
2016-4-8,16:48:42,13113,53784,2016-4-8,16:47:21,13389,192430,2016-4-8,16:47:21,13291,184603,2016-4-8,16:47:21,12193,59979,2016-4-8,16:47:21,5695,14751,2016-4-8,16:47:21,12916,47016,2016-4-8,16:47:21,12862,43227
2016-4-8,16:48:43,13129,53663,2016-4-8,16:47:22,13405,190827,2016-4-8,16:47:22,13257,181173,2016-4-8,16:47:22,12186,59967,2016-4-8,16:47:22,5703,14791,2016-4-8,16:47:22,12779,45986,2016-4-8,16:47:22,13005,45620
2016-4-8,16:48:44,13144,53538,2016-4-8,16:47:23,13236,187559,2016-4-8,16:47:23,13159,179024,2016-4-8,16:47:23,12175,59949,2016-4-8,16:47:23,5701,14843,2016-4-8,16:47:23,12962,47218,2016-4-8,16:47:23,13238,45153
2016-4-8,16:48:45,13155,53398,2016-4-8,16:47:24,13381,189750,2016-4-8,16:47:24,13113,176247,2016-4-8,16:47:24,12141,59929,2016-4-8,16:47:24,5689,14826,2016-4-8,16:47:24,12824,45766,2016-4-8,16:47:24,12813,42697
2016-4-8,16:48:46,13153,53238,2016-4-8,16:47:25,13268,190713,2016-4-8,16:47:25,12986,180902,2016-4-8,16:47:25,12107,59911,2016-4-8,16:47:25,5682,14809,2016-4-8,16:47:25,13122,47415,2016-4-8,16:47:25,12950,44369
2016-4-8,16:48:47,13145,53113,2016-4-8,16:47:26,13124,191080,2016-4-8,16:47:26,13147,179441,2016-4-8,16:47:26,12102,59891,2016-4-8,16:47:26,5690,14791,2016-4-8,16:47:26,13264,48498,2016-4-8,16:47:26,13109,45354
2016-4-8,16:48:48,13138,53831,2016-4-8,16:47:27,12879,185208,2016-4-8,16:47:27,12915,181623,2016-4-8,16:47:27,12096,59872,2016-4-8,16:47:27,5693,14778,2016-4-8,16:47:27,12865,46077,2016-4-8,16:47:27,12882,43848
2016-4-8,16:48:49,13122,54397,2016-4-8,16:47:28,13375,191576,2016-4-8,16:47:28,12850,177171,2016-4-8,16:47:28,12081,59858,2016-4-8,16:47:28,5688,14766,2016-4-8,16:47:28,13444,66673,2016-4-8,16:47:28,13096,93183
2016-4-8,16:48:50,13110,54309,2016-4-8,16:47:29,13161,187946,2016-4-8,16:47:29,13441,194593,2016-4-8,16:47:29,12041,59842,2016-4-8,16:47:29,5675,14750,2016-4-8,16:47:29,12807,114875,2016-4-8,16:47:29,13001,137486
2016-4-8,16:48:51,13098,54225,2016-4-8,16:47:30,13095,207124,2016-4-8,16:47:30,13174,187507,2016-4-8,16:47:30,11989,59819,2016-4-8,16:47:30,5660,14734,2016-4-8,16:47:30,13003,114685,2016-4-8,16:47:30,12812,121852
2016-4-8,16:48:52,13085,54141,2016-4-8,16:47:31,13190,229456,2016-4-8,16:47:31,12674,185024,2016-4-8,16:47:31,11948,59799,2016-4-8,16:47:31,5648,14717,2016-4-8,16:47:31,13634,149831,2016-4-8,16:47:31,12987,119833
2016-4-8,16:48:53,13085,54064,2016-4-8,16:47:32,13099,227414,2016-4-8,16:47:32,13208,199890,2016-4-8,16:47:32,11908,59777,2016-4-8,16:47:32,5638,14700,2016-4-8,16:47:32,12939,123279,2016-4-8,16:47:32,12904,128137
2016-4-8,16:48:54,13079,54005,2016-4-8,16:47:33,13529,235674,2016-4-8,16:47:33,13352,202875,2016-4-8,16:47:33,11892,59757,2016-4-8,16:47:33,5633,14678,2016-4-8,16:47:33,13165,129775,2016-4-8,16:47:33,12892,113772
2016-4-8,16:48:55,13070,53986,2016-4-8,16:47:34,13082,227485,2016-4-8,16:47:34,13160,202320,2016-4-8,16:47:34,11890,59740,2016-4-8,16:47:34,5626,14640,2016-4-8,16:47:34,12657,123088,2016-4-8,16:47:34,13072,132823
2016-4-8,16:48:56,13061,53971,2016-4-8,16:47:35,13054,226588,2016-4-8,16:47:35,12640,182066,2016-4-8,16:47:35,11890,59725,2016-4-8,16:47:35,5626,14600,2016-4-8,16:47:35,12802,114593,2016-4-8,16:47:35,13283,130174
2016-4-8,16:48:57,13054,53958,2016-4-8,16:47:36,13371,231374,2016-4-8,16:47:36,13218,197190,2016-4-8,16:47:36,11871,59710,2016-4-8,16:47:36,5619,14562,2016-4-8,16:47:36,12977,129278,2016-4-8,16:47:36,13207,131674
2016-4-8,16:48:58,13053,53945,2016-4-8,16:47:37,13266,228772,2016-4-8,16:47:37,12916,191589,2016-4-8,16:47:37,11835,59688,2016-4-8,16:47:37,5609,14528,2016-4-8,16:47:37,13670,141246,2016-4-8,16:47:37,13510,138155
2016-4-8,16:48:59,13041,53930,2016-4-8,16:47:38,13452,232321,2016-4-8,16:47:38,13740,216473,2016-4-8,16:47:38,11795,59668,2016-4-8,16:47:38,5599,14494,2016-4-8,16:47:38,12393,110336,2016-4-8,16:47:38,13006,132556
2016-4-8,16:49:0,13029,53907,2016-4-8,16:47:39,13165,225314,2016-4-8,16:47:39,12925,189063,2016-4-8,16:47:39,11772,59642,2016-4-8,16:47:39,5594,14457,2016-4-8,16:47:39,13410,141090,2016-4-8,16:47:39,13207,124430
2016-4-8,16:49:1,13024,53797,2016-4-8,16:47:40,13556,236057,2016-4-8,16:47:40,13200,197408,2016-4-8,16:47:40,11749,59607,2016-4-8,16:47:40,5586,14422,2016-4-8,16:47:40,12990,123873,2016-4-8,16:47:40,13094,120219
2016-4-8,16:49:2,13019,53644,2016-4-8,16:47:41,13485,233063,2016-4-8,16:47:41,13353,204230,2016-4-8,16:47:41,11726,59574,2016-4-8,16:47:41,5584,14390,2016-4-8,16:47:41,13228,130593,2016-4-8,16:47:41,13064,128017
2016-4-8,16:49:3,13011,53490,2016-4-8,16:47:42,13057,224932,2016-4-8,16:47:42,13438,213337,2016-4-8,16:47:42,11701,59546,2016-4-8,16:47:42,5589,14359,2016-4-8,16:47:42,12917,138829,2016-4-8,16:47:42,13297,144340
2016-4-8,16:49:4,13012,53338,2016-4-8,16:47:43,13490,251777,2016-4-8,16:47:43,12840,207106,2016-4-8,16:47:43,11683,59528,2016-4-8,16:47:43,5591,14327,2016-4-8,16:47:43,13109,233334,2016-4-8,16:47:43,13582,192302
2016-4-8,16:49:5,13020,53187,2016-4-8,16:47:44,13473,258285,2016-4-8,16:47:44,13703,226505,2016-4-8,16:47:44,11661,59503,2016-4-8,16:47:44,5590,14290,2016-4-8,16:47:44,12787,172004,2016-4-8,16:47:44,13142,173503
2016-4-8,16:49:6,13024,53074,2016-4-8,16:47:45,12749,236163,2016-4-8,16:47:45,13059,207825,2016-4-8,16:47:45,11631,59465,2016-4-8,16:47:45,5588,14258,2016-4-8,16:47:45,12736,208498,2016-4-8,16:47:45,13103,175140
2016-4-8,16:49:7,13026,52212,2016-4-8,16:47:46,13208,251005,2016-4-8,16:47:46,13182,216737,2016-4-8,16:47:46,11619,59430,2016-4-8,16:47:46,5596,14227,2016-4-8,16:47:46,13138,239138,2016-4-8,16:47:46,12953,161915
2016-4-8,16:49:8,13028,51818,2016-4-8,16:47:47,13614,263012,2016-4-8,16:47:47,13377,220960,2016-4-8,16:47:47,11608,59394,2016-4-8,16:47:47,5605,14186,2016-4-8,16:47:47,12640,198549,2016-4-8,16:47:47,13415,182778
2016-4-8,16:49:9,13042,51686,2016-4-8,16:47:48,13390,252317,2016-4-8,16:47:48,13081,214588,2016-4-8,16:47:48,11581,59356,2016-4-8,16:47:48,5605,14146,2016-4-8,16:47:48,13167,228326,2016-4-8,16:47:48,13205,181449
2016-4-8,16:49:10,13054,51553,2016-4-8,16:47:49,13255,245824,2016-4-8,16:47:49,12826,203380,2016-4-8,16:47:49,11552,59317,2016-4-8,16:47:49,5605,14109,2016-4-8,16:47:49,13135,216486,2016-4-8,16:47:49,13244,161679
2016-4-8,16:49:11,13055,51407,2016-4-8,16:47:50,13405,258081,2016-4-8,16:47:50,13503,235306,2016-4-8,16:47:50,11521,59283,2016-4-8,16:47:50,5597,14073,2016-4-8,16:47:50,13165,234802,2016-4-8,16:47:50,13246,168883
2016-4-8,16:49:12,13048,51250,2016-4-8,16:47:51,13636,262098,2016-4-8,16:47:51,12932,203855,2016-4-8,16:47:51,11496,59257,2016-4-8,16:47:51,5587,14036,2016-4-8,16:47:51,13387,262079,2016-4-8,16:47:51,13209,190654
2016-4-8,16:49:13,13053,51130,2016-4-8,16:47:52,13575,257990,2016-4-8,16:47:52,13166,219774,2016-4-8,16:47:52,11474,59228,2016-4-8,16:47:52,5581,13998,2016-4-8,16:47:52,12837,226659,2016-4-8,16:47:52,12948,161614
2016-4-8,16:49:14,13048,51095,2016-4-8,16:47:53,13039,248004,2016-4-8,16:47:53,13227,220561,2016-4-8,16:47:53,11445,59193,2016-4-8,16:47:53,5572,13967,2016-4-8,16:47:53,12881,224555,2016-4-8,16:47:53,13004,162001
2016-4-8,16:49:15,13045,51077,2016-4-8,16:47:54,13095,248312,2016-4-8,16:47:54,13101,215001,2016-4-8,16:47:54,11412,59156,2016-4-8,16:47:54,5562,13935,2016-4-8,16:47:54,12537,200425,2016-4-8,16:47:54,13126,166454
2016-4-8,16:49:16,13050,51059,2016-4-8,16:47:55,13621,267171,2016-4-8,16:47:55,13230,217948,2016-4-8,16:47:55,11380,59120,2016-4-8,16:47:55,5554,13905,2016-4-8,16:47:55,13135,240980,2016-4-8,16:47:55,12949,159790
2016-4-8,16:49:17,13057,51041,2016-4-8,16:47:56,13142,245816,2016-4-8,16:47:56,13283,227369,2016-4-8,16:47:56,11352,59084,2016-4-8,16:47:56,5546,13877,2016-4-8,16:47:56,12964,217472,2016-4-8,16:47:56,12884,164491
2016-4-8,16:49:18,13053,51022,2016-4-8,16:47:57,13119,252822,2016-4-8,16:47:57,13172,211970,2016-4-8,16:47:57,11324,59047,2016-4-8,16:47:57,5539,13845,2016-4-8,16:47:57,12850,186942,2016-4-8,16:47:57,12771,150614
2016-4-8,16:49:19,13053,51000,2016-4-8,16:47:58,13626,267035,2016-4-8,16:47:58,13499,236116,2016-4-8,16:47:58,11301,59013,2016-4-8,16:47:58,5532,13816,2016-4-8,16:47:58,12923,199168,2016-4-8,16:47:58,13291,193713
2016-4-8,16:49:20,13061,50936,2016-4-8,16:47:59,12852,237690,2016-4-8,16:47:59,13285,212006,2016-4-8,16:47:59,11284,58992,2016-4-8,16:47:59,5528,13792,2016-4-8,16:47:59,13432,200722,2016-4-8,16:47:59,13453,188479
2016-4-8,16:49:21,13067,50846,2016-4-8,16:48:0,13254,258284,2016-4-8,16:48:0,13303,215920,2016-4-8,16:48:0,11276,58975,2016-4-8,16:48:0,5526,13767,2016-4-8,16:48:0,13138,212925,2016-4-8,16:48:0,13333,176210
2016-4-8,16:49:22,13078,50747,2016-4-8,16:48:1,13348,260223,2016-4-8,16:48:1,12880,194489,2016-4-8,16:48:1,11255,58951,2016-4-8,16:48:1,5523,13742,2016-4-8,16:48:1,12875,167784,2016-4-8,16:48:1,13113,176955
2016-4-8,16:49:23,13088,50664,2016-4-8,16:48:2,12887,251666,2016-4-8,16:48:2,12818,199640,2016-4-8,16:48:2,11242,58930,2016-4-8,16:48:2,5524,13721,2016-4-8,16:48:2,12676,185084,2016-4-8,16:48:2,13668,196111
2016-4-8,16:49:24,13099,50578,2016-4-8,16:48:3,12929,254171,2016-4-8,16:48:3,13560,232190,2016-4-8,16:48:3,11221,58913,2016-4-8,16:48:3,5518,13701,2016-4-8,16:48:3,13186,216885,2016-4-8,16:48:3,13025,188374
2016-4-8,16:49:25,13110,50483,2016-4-8,16:48:4,13157,269433,2016-4-8,16:48:4,13301,230195,2016-4-8,16:48:4,11210,58895,2016-4-8,16:48:4,5514,13677,2016-4-8,16:48:4,12021,160923,2016-4-8,16:48:4,13458,193141
2016-4-8,16:49:26,13117,50376,2016-4-8,16:48:5,13690,312831,2016-4-8,16:48:5,12765,208117,2016-4-8,16:48:5,11222,58877,2016-4-8,16:48:5,5516,13654,2016-4-8,16:48:5,13549,236639,2016-4-8,16:48:5,13546,204732
2016-4-8,16:49:27,13126,50264,2016-4-8,16:48:6,13577,311173,2016-4-8,16:48:6,13354,229170,2016-4-8,16:48:6,11232,58860,2016-4-8,16:48:6,5521,13634,2016-4-8,16:48:6,13384,239381,2016-4-8,16:48:6,13226,197592
2016-4-8,16:49:28,13137,50158,2016-4-8,16:48:7,13485,320265,2016-4-8,16:48:7,13407,241278,2016-4-8,16:48:7,11229,58843,2016-4-8,16:48:7,5523,13615,2016-4-8,16:48:7,12767,211122,2016-4-8,16:48:7,12893,184298
2016-4-8,16:49:29,13145,50076,2016-4-8,16:48:8,13639,327442,2016-4-8,16:48:8,12702,221162,2016-4-8,16:48:8,11215,58829,2016-4-8,16:48:8,5519,13591,2016-4-8,16:48:8,13459,258241,2016-4-8,16:48:8,13310,201939
2016-4-8,16:49:30,13153,50027,2016-4-8,16:48:9,13502,317211,2016-4-8,16:48:9,12390,206229,2016-4-8,16:48:9,11218,58814,2016-4-8,16:48:9,5522,13563,2016-4-8,16:48:9,13362,232781,2016-4-8,16:48:9,13350,191051
2016-4-8,16:49:31,13164,50022,2016-4-8,16:48:10,13610,322210,2016-4-8,16:48:10,13703,252880,2016-4-8,16:48:10,11240,58795,2016-4-8,16:48:10,5529,13536,2016-4-8,16:48:10,12622,206348,2016-4-8,16:48:10,13346,200441
2016-4-8,16:49:32,13177,50019,2016-4-8,16:48:11,13189,314507,2016-4-8,16:48:11,13062,221497,2016-4-8,16:48:11,11256,58773,2016-4-8,16:48:11,5529,13507,2016-4-8,16:48:11,13239,222869,2016-4-8,16:48:11,13318,193898
2016-4-8,16:49:33,13187,50016,2016-4-8,16:48:12,13668,323909,2016-4-8,16:48:12,13090,223126,2016-4-8,16:48:12,11250,58750,2016-4-8,16:48:12,5527,13480,2016-4-8,16:48:12,13257,250280,2016-4-8,16:48:12,13095,178493
2016-4-8,16:49:34,13189,50012,2016-4-8,16:48:13,13092,298648,2016-4-8,16:48:13,13102,222953,2016-4-8,16:48:13,11254,58726,2016-4-8,16:48:13,5528,13456,2016-4-8,16:48:13,13114,233057,2016-4-8,16:48:13,13435,184330
2016-4-8,16:49:35,13187,50008,2016-4-8,16:48:14,13767,321913,2016-4-8,16:48:14,13801,251259,2016-4-8,16:48:14,11271,58673,2016-4-8,16:48:14,5534,13434,2016-4-8,16:48:14,13091,225762,2016-4-8,16:48:14,13545,192535
2016-4-8,16:49:36,13187,50006,2016-4-8,16:48:15,13407,321032,2016-4-8,16:48:15,13303,223082,2016-4-8,16:48:15,11290,58617,2016-4-8,16:48:15,5537,13412,2016-4-8,16:48:15,13135,208691,2016-4-8,16:48:15,13206,180584
2016-4-8,16:49:37,13182,50003,2016-4-8,16:48:16,13402,318416,2016-4-8,16:48:16,13416,227600,2016-4-8,16:48:16,11305,58574,2016-4-8,16:48:16,5541,13390,2016-4-8,16:48:16,13407,245193,2016-4-8,16:48:16,13650,193094
2016-4-8,16:49:38,13178,49991,2016-4-8,16:48:17,13079,295457,2016-4-8,16:48:17,13328,228376,2016-4-8,16:48:17,11318,58529,2016-4-8,16:48:17,5544,13366,2016-4-8,16:48:17,13305,222084,2016-4-8,16:48:17,13079,191743
2016-4-8,16:49:39,13177,49951,2016-4-8,16:48:18,13316,298202,2016-4-8,16:48:18,13538,240280,2016-4-8,16:48:18,11325,58474,2016-4-8,16:48:18,5542,13342,2016-4-8,16:48:18,13371,240123,2016-4-8,16:48:18,13217,184115
2016-4-8,16:49:40,13179,49910,2016-4-8,16:48:19,14043,327621,2016-4-8,16:48:19,12944,220565,2016-4-8,16:48:19,11318,58420,2016-4-8,16:48:19,5540,13319,2016-4-8,16:48:19,13987,262945,2016-4-8,16:48:19,13486,188005
2016-4-8,16:49:41,13184,49869,2016-4-8,16:48:20,13829,310890,2016-4-8,16:48:20,13490,236856,2016-4-8,16:48:20,11320,58368,2016-4-8,16:48:20,5540,13303,2016-4-8,16:48:20,13070,220267,2016-4-8,16:48:20,14135,224538
2016-4-8,16:49:42,13188,49831,2016-4-8,16:48:21,13420,298023,2016-4-8,16:48:21,13794,247658,2016-4-8,16:48:21,11335,58324,2016-4-8,16:48:21,5544,13289,2016-4-8,16:48:21,12670,200214,2016-4-8,16:48:21,13290,185940
2016-4-8,16:49:43,13189,49799,2016-4-8,16:48:22,13629,307361,2016-4-8,16:48:22,14076,260427,2016-4-8,16:48:22,11351,58285,2016-4-8,16:48:22,5551,13271,2016-4-8,16:48:22,13146,223152,2016-4-8,16:48:22,12920,170263
2016-4-8,16:49:44,13193,49767,2016-4-8,16:48:23,13594,310818,2016-4-8,16:48:23,12675,201377,2016-4-8,16:48:23,11370,58239,2016-4-8,16:48:23,5554,13252,2016-4-8,16:48:23,13388,243415,2016-4-8,16:48:23,13636,202156
2016-4-8,16:49:45,13198,49730,2016-4-8,16:48:24,13711,312189,2016-4-8,16:48:24,13700,244713,2016-4-8,16:48:24,11367,58190,2016-4-8,16:48:24,5552,13231,2016-4-8,16:48:24,13366,220535,2016-4-8,16:48:24,13699,199578
2016-4-8,16:49:46,13196,49685,2016-4-8,16:48:25,13414,308113,2016-4-8,16:48:25,13485,236005,2016-4-8,16:48:25,11350,58144,2016-4-8,16:48:25,5546,13211,2016-4-8,16:48:25,13229,222590,2016-4-8,16:48:25,13829,213559
2016-4-8,16:49:47,13194,49603,2016-4-8,16:48:26,14265,345463,2016-4-8,16:48:26,14248,273482,2016-4-8,16:48:26,11338,58110,2016-4-8,16:48:26,5540,13189,2016-4-8,16:48:26,13037,221417,2016-4-8,16:48:26,13600,208836
2016-4-8,16:49:48,13202,49525,2016-4-8,16:48:27,13528,313160,2016-4-8,16:48:27,13645,248169,2016-4-8,16:48:27,11333,58079,2016-4-8,16:48:27,5539,13169,2016-4-8,16:48:27,13618,267793,2016-4-8,16:48:27,12850,191288
2016-4-8,16:49:49,13211,49454,2016-4-8,16:48:28,13818,331290,2016-4-8,16:48:28,14238,281088,2016-4-8,16:48:28,11335,58041,2016-4-8,16:48:28,5539,13150,2016-4-8,16:48:28,13139,221232,2016-4-8,16:48:28,13972,216689
2016-4-8,16:49:50,13219,49380,2016-4-8,16:48:29,14247,366349,2016-4-8,16:48:29,13963,278428,2016-4-8,16:48:29,11346,58002,2016-4-8,16:48:29,5540,13131,2016-4-8,16:48:29,13356,239257,2016-4-8,16:48:29,13568,205934
2016-4-8,16:49:51,13224,49326,2016-4-8,16:48:30,13669,355923,2016-4-8,16:48:30,12864,240311,2016-4-8,16:48:30,11348,57972,2016-4-8,16:48:30,5538,13112,2016-4-8,16:48:30,14153,295505,2016-4-8,16:48:30,13453,208494
2016-4-8,16:49:52,13231,49269,2016-4-8,16:48:31,14041,366010,2016-4-8,16:48:31,12990,256375,2016-4-8,16:48:31,11344,57947,2016-4-8,16:48:31,5534,13094,2016-4-8,16:48:31,13743,306860,2016-4-8,16:48:31,14255,235633
2016-4-8,16:49:53,13240,49189,2016-4-8,16:48:32,14392,384880,2016-4-8,16:48:32,13662,271950,2016-4-8,16:48:32,11349,57921,2016-4-8,16:48:32,5534,13076,2016-4-8,16:48:32,13018,237517,2016-4-8,16:48:32,13965,206868
2016-4-8,16:49:54,13243,49107,2016-4-8,16:48:33,13219,334007,2016-4-8,16:48:33,13573,270922,2016-4-8,16:48:33,11343,57894,2016-4-8,16:48:33,5533,13056,2016-4-8,16:48:33,13289,259551,2016-4-8,16:48:33,13720,214718
2016-4-8,16:49:55,13251,48326,2016-4-8,16:48:34,13786,370434,2016-4-8,16:48:34,13895,287132,2016-4-8,16:48:34,11353,57865,2016-4-8,16:48:34,5534,13034,2016-4-8,16:48:34,13421,284858,2016-4-8,16:48:34,14388,235267
2016-4-8,16:49:56,13259,34943,2016-4-8,16:48:35,14607,401626,2016-4-8,16:48:35,13955,302722,2016-4-8,16:48:35,11353,57836,2016-4-8,16:48:35,5531,13012,2016-4-8,16:48:35,13378,280665,2016-4-8,16:48:35,14025,217313
2016-4-8,16:49:57,13264,34846,2016-4-8,16:48:36,14002,360740,2016-4-8,16:48:36,13703,255716,2016-4-8,16:48:36,11366,57810,2016-4-8,16:48:36,5535,13361,2016-4-8,16:48:36,13547,277784,2016-4-8,16:48:36,13930,224039
2016-4-8,16:49:58,13273,34759,2016-4-8,16:48:37,13886,376955,2016-4-8,16:48:37,13500,268648,2016-4-8,16:48:37,11379,57787,2016-4-8,16:48:37,5538,13545,2016-4-8,16:48:37,14006,305407,2016-4-8,16:48:37,13852,180931
2016-4-8,16:49:59,13283,34673,2016-4-8,16:48:38,13998,363045,2016-4-8,16:48:38,13838,277184,2016-4-8,16:48:38,11393,57763,2016-4-8,16:48:38,5537,13523,2016-4-8,16:48:38,13248,259003,2016-4-8,16:48:38,14160,224201
2016-4-8,16:50:0,13289,34594,2016-4-8,16:48:39,14522,388011,2016-4-8,16:48:39,14444,302091,2016-4-8,16:48:39,11409,57736,2016-4-8,16:48:39,5537,13500,2016-4-8,16:48:39,14316,350012,2016-4-8,16:48:39,14357,223918
2016-4-8,16:50:1,13294,34506,2016-4-8,16:48:40,13975,343290,2016-4-8,16:48:40,13503,262715,2016-4-8,16:48:40,11427,57678,2016-4-8,16:48:40,5537,13483,2016-4-8,16:48:40,13361,266039,2016-4-8,16:48:40,14222,213671
2016-4-8,16:50:2,13303,34401,2016-4-8,16:48:41,13956,339465,2016-4-8,16:48:41,14106,285976,2016-4-8,16:48:41,11444,57603,2016-4-8,16:48:41,5536,13470,2016-4-8,16:48:41,13858,290976,2016-4-8,16:48:41,14333,237001
2016-4-8,16:50:3,13309,34303,2016-4-8,16:48:42,14192,366718,2016-4-8,16:48:42,13601,262274,2016-4-8,16:48:42,11454,57535,2016-4-8,16:48:42,5537,13454,2016-4-8,16:48:42,13218,272134,2016-4-8,16:48:42,14414,244469
2016-4-8,16:50:4,13318,34212,2016-4-8,16:48:43,13243,330384,2016-4-8,16:48:43,13745,274114,2016-4-8,16:48:43,11463,57464,2016-4-8,16:48:43,5537,13434,2016-4-8,16:48:43,14252,312870,2016-4-8,16:48:43,13435,190722
2016-4-8,16:50:5,13328,34123,2016-4-8,16:48:44,14344,376495,2016-4-8,16:48:44,14115,291628,2016-4-8,16:48:44,11461,57390,2016-4-8,16:48:44,5531,13413,2016-4-8,16:48:44,13623,288366,2016-4-8,16:48:44,14069,228939
2016-4-8,16:50:6,13336,34065,2016-4-8,16:48:45,14081,361119,2016-4-8,16:48:45,14192,286807,2016-4-8,16:48:45,11468,57305,2016-4-8,16:48:45,5526,13391,2016-4-8,16:48:45,13712,278261,2016-4-8,16:48:45,14664,241855
2016-4-8,16:50:7,13345,34058,2016-4-8,16:48:46,14490,390261,2016-4-8,16:48:46,14497,296342,2016-4-8,16:48:46,11473,57207,2016-4-8,16:48:46,5524,13370,2016-4-8,16:48:46,13972,300103,2016-4-8,16:48:46,14223,224193
2016-4-8,16:50:8,13349,34053,2016-4-8,16:48:47,14672,404062,2016-4-8,16:48:47,14036,279468,2016-4-8,16:48:47,11477,57131,2016-4-8,16:48:47,5521,13347,2016-4-8,16:48:47,13681,274048,2016-4-8,16:48:47,14503,239410
2016-4-8,16:50:9,13354,34047,2016-4-8,16:48:48,14207,367348,2016-4-8,16:48:48,14393,295100,2016-4-8,16:48:48,11473,57053,2016-4-8,16:48:48,5515,13321,2016-4-8,16:48:48,14081,294385,2016-4-8,16:48:48,14193,224151
2016-4-8,16:50:10,13356,34038,2016-4-8,16:48:49,14470,380695,2016-4-8,16:48:49,14358,290791,2016-4-8,16:48:49,11460,53845,2016-4-8,16:48:49,5508,13296,2016-4-8,16:48:49,14030,272744,2016-4-8,16:48:49,14168,229873
2016-4-8,16:50:11,13354,34029,2016-4-8,16:48:50,13991,357254,2016-4-8,16:48:50,13945,275990,2016-4-8,16:48:50,11470,53487,2016-4-8,16:48:50,5506,13272,2016-4-8,16:48:50,13782,272465,2016-4-8,16:48:50,14129,206454
2016-4-8,16:50:12,13354,34021,2016-4-8,16:48:51,14190,373734,2016-4-8,16:48:51,14337,289494,2016-4-8,16:48:51,11465,56660,2016-4-8,16:48:51,5503,13248,2016-4-8,16:48:51,14097,294885,2016-4-8,16:48:51,14413,232144
2016-4-8,16:50:13,13355,34013,2016-4-8,16:48:52,14582,385315,2016-4-8,16:48:52,14495,302317,2016-4-8,16:48:52,11448,56525,2016-4-8,16:48:52,5501,13221,2016-4-8,16:48:52,13664,282441,2016-4-8,16:48:52,14180,215570
2016-4-8,16:50:14,13358,33869,2016-4-8,16:48:53,14563,382022,2016-4-8,16:48:53,14261,280632,2016-4-8,16:48:53,11442,56402,2016-4-8,16:48:53,5502,13196,2016-4-8,16:48:53,13347,252131,2016-4-8,16:48:53,14751,245318
2016-4-8,16:50:15,13357,29936,2016-4-8,16:48:54,14435,370079,2016-4-8,16:48:54,14283,284048,2016-4-8,16:48:54,11434,56288,2016-4-8,16:48:54,5503,13172,2016-4-8,16:48:54,13762,264330,2016-4-8,16:48:54,13895,194731
2016-4-8,16:50:16,13358,29849,2016-4-8,16:48:55,14574,379403,2016-4-8,16:48:55,13815,255986,2016-4-8,16:48:55,11418,56237,2016-4-8,16:48:55,5497,13147,2016-4-8,16:48:55,14198,291974,2016-4-8,16:48:55,14129,220113
2016-4-8,16:50:17,13351,46462,2016-4-8,16:48:56,14270,370329,2016-4-8,16:48:56,14887,304970,2016-4-8,16:48:56,11410,56195,2016-4-8,16:48:56,5498,13122,2016-4-8,16:48:56,14408,287332,2016-4-8,16:48:56,14067,208323
2016-4-8,16:50:18,13345,47055,2016-4-8,16:48:57,13514,340331,2016-4-8,16:48:57,14291,276514,2016-4-8,16:48:57,11413,56140,2016-4-8,16:48:57,5501,13098,2016-4-8,16:48:57,13744,282652,2016-4-8,16:48:57,14801,256887
2016-4-8,16:50:19,13336,47032,2016-4-8,16:48:58,14490,385018,2016-4-8,16:48:58,14713,302942,2016-4-8,16:48:58,11397,56085,2016-4-8,16:48:58,5496,13078,2016-4-8,16:48:58,14373,292063,2016-4-8,16:48:58,13984,206426
2016-4-8,16:50:20,13332,46677,2016-4-8,16:48:59,15063,381839,2016-4-8,16:48:59,13965,267807,2016-4-8,16:48:59,11381,56030,2016-4-8,16:48:59,5493,13061,2016-4-8,16:48:59,14206,288155,2016-4-8,16:48:59,13985,215060
2016-4-8,16:50:21,13323,34924,2016-4-8,16:49:0,14765,384393,2016-4-8,16:49:0,14150,273579,2016-4-8,16:49:0,11377,53856,2016-4-8,16:49:0,5492,13037,2016-4-8,16:49:0,14242,314993,2016-4-8,16:49:0,14214,207002
2016-4-8,16:50:22,13313,34814,2016-4-8,16:49:1,14993,396528,2016-4-8,16:49:1,14335,273342,2016-4-8,16:49:1,11372,53188,2016-4-8,16:49:1,5497,13013,2016-4-8,16:49:1,13761,261257,2016-4-8,16:49:1,14738,232524
2016-4-8,16:50:23,13306,34711,2016-4-8,16:49:2,14639,381749,2016-4-8,16:49:2,14380,277881,2016-4-8,16:49:2,11359,53009,2016-4-8,16:49:2,5495,12995,2016-4-8,16:49:2,13915,275915,2016-4-8,16:49:2,14707,223219
2016-4-8,16:50:24,13309,34592,2016-4-8,16:49:3,14004,358684,2016-4-8,16:49:3,14529,280262,2016-4-8,16:49:3,11367,53003,2016-4-8,16:49:3,5494,12985,2016-4-8,16:49:3,14696,319517,2016-4-8,16:49:3,14853,232190
2016-4-8,16:50:25,13306,34469,2016-4-8,16:49:4,14879,385328,2016-4-8,16:49:4,15004,308634,2016-4-8,16:49:4,11380,51170,2016-4-8,16:49:4,5501,13241,2016-4-8,16:49:4,14014,277673,2016-4-8,16:49:4,14660,227740
2016-4-8,16:50:26,13306,34346,2016-4-8,16:49:5,15258,399205,2016-4-8,16:49:5,14575,276323,2016-4-8,16:49:5,11393,50821,2016-4-8,16:49:5,5508,13293,2016-4-8,16:49:5,14046,271733,2016-4-8,16:49:5,15180,246384
2016-4-8,16:50:27,13312,34241,2016-4-8,16:49:6,14364,374600,2016-4-8,16:49:6,14734,284294,2016-4-8,16:49:6,11409,50700,2016-4-8,16:49:6,5516,13268,2016-4-8,16:49:6,14202,301825,2016-4-8,16:49:6,14724,229452
2016-4-8,16:50:28,13317,34161,2016-4-8,16:49:7,14814,374010,2016-4-8,16:49:7,14382,270455,2016-4-8,16:49:7,11422,50575,2016-4-8,16:49:7,5521,13245,2016-4-8,16:49:7,13965,263552,2016-4-8,16:49:7,15690,255875
2016-4-8,16:50:29,13311,34079,2016-4-8,16:49:8,14717,372407,2016-4-8,16:49:8,13650,246054,2016-4-8,16:49:8,11438,50437,2016-4-8,16:49:8,5523,13225,2016-4-8,16:49:8,14108,282527,2016-4-8,16:49:8,15422,242838
2016-4-8,16:50:30,13301,34056,2016-4-8,16:49:9,15301,391567,2016-4-8,16:49:9,14929,289398,2016-4-8,16:49:9,11449,50316,2016-4-8,16:49:9,5526,13204,2016-4-8,16:49:9,14396,305808,2016-4-8,16:49:9,14721,231823
2016-4-8,16:50:31,13291,34046,2016-4-8,16:49:10,15024,401595,2016-4-8,16:49:10,15302,292626,2016-4-8,16:49:10,11457,50243,2016-4-8,16:49:10,5530,13184,2016-4-8,16:49:10,14538,304684,2016-4-8,16:49:10,14620,207618
2016-4-8,16:50:32,13280,34036,2016-4-8,16:49:11,15071,385398,2016-4-8,16:49:11,15195,297226,2016-4-8,16:49:11,11461,50206,2016-4-8,16:49:11,5532,13162,2016-4-8,16:49:11,14196,264153,2016-4-8,16:49:11,14778,220026
2016-4-8,16:50:33,13270,34025,2016-4-8,16:49:12,14650,380292,2016-4-8,16:49:12,14787,280521,2016-4-8,16:49:12,11463,50160,2016-4-8,16:49:12,5531,13138,2016-4-8,16:49:12,14565,285737,2016-4-8,16:49:12,15430,237756
2016-4-8,16:50:34,13260,34017,2016-4-8,16:49:13,15464,394467,2016-4-8,16:49:13,14967,278740,2016-4-8,16:49:13,11465,50119,2016-4-8,16:49:13,5528,13115,2016-4-8,16:49:13,14334,273597,2016-4-8,16:49:13,15352,238570
2016-4-8,16:50:35,13252,34009,2016-4-8,16:49:14,15165,366467,2016-4-8,16:49:14,15507,301287,2016-4-8,16:49:14,11476,50076,2016-4-8,16:49:14,5527,13094,2016-4-8,16:49:14,14462,271772,2016-4-8,16:49:14,15153,226481
2016-4-8,16:50:36,13243,32409,2016-4-8,16:49:15,14889,357186,2016-4-8,16:49:15,14958,281587,2016-4-8,16:49:15,11472,50027,2016-4-8,16:49:15,5524,13073,2016-4-8,16:49:15,14245,268093,2016-4-8,16:49:15,15505,233591
2016-4-8,16:50:37,13233,34871,2016-4-8,16:49:16,14250,346151,2016-4-8,16:49:16,15012,273028,2016-4-8,16:49:16,11468,31163,2016-4-8,16:49:16,5523,13055,2016-4-8,16:49:16,14516,283210,2016-4-8,16:49:16,15537,244455
2016-4-8,16:50:38,13225,34743,2016-4-8,16:49:17,15499,390689,2016-4-8,16:49:17,15138,268311,2016-4-8,16:49:17,11458,28810,2016-4-8,16:49:17,5522,13038,2016-4-8,16:49:17,14542,269373,2016-4-8,16:49:17,15451,229416
2016-4-8,16:50:39,13216,34602,2016-4-8,16:49:18,15548,380331,2016-4-8,16:49:18,15258,287519,2016-4-8,16:49:18,11446,28696,2016-4-8,16:49:18,5518,13017,2016-4-8,16:49:18,14665,256424,2016-4-8,16:49:18,15805,237900
2016-4-8,16:50:40,13203,34456,2016-4-8,16:49:19,14339,333066,2016-4-8,16:49:19,16373,322130,2016-4-8,16:49:19,11448,28590,2016-4-8,16:49:19,5515,12999,2016-4-8,16:49:19,15333,324718,2016-4-8,16:49:19,15106,209311
2016-4-8,16:50:41,13196,34348,2016-4-8,16:49:20,15305,377203,2016-4-8,16:49:20,15523,284488,2016-4-8,16:49:20,11461,28470,2016-4-8,16:49:20,5518,12991,2016-4-8,16:49:20,14729,280699,2016-4-8,16:49:20,15943,253834
2016-4-8,16:50:42,13191,34246,2016-4-8,16:49:21,15789,386696,2016-4-8,16:49:21,15448,280951,2016-4-8,16:49:21,11471,28349,2016-4-8,16:49:21,5517,12985,2016-4-8,16:49:21,15032,287716,2016-4-8,16:49:21,15569,234047
2016-4-8,16:50:43,13180,34110,2016-4-8,16:49:22,15659,389922,2016-4-8,16:49:22,16448,323179,2016-4-8,16:49:22,11475,28252,2016-4-8,16:49:22,5517,12979,2016-4-8,16:49:22,14889,300708,2016-4-8,16:49:22,16402,269253
2016-4-8,16:50:44,13174,34060,2016-4-8,16:49:23,15314,352414,2016-4-8,16:49:23,14593,244908,2016-4-8,16:49:23,11475,28221,2016-4-8,16:49:23,5519,12973,2016-4-8,16:49:23,15084,295328,2016-4-8,16:49:23,14884,213296
2016-4-8,16:50:45,13173,34051,2016-4-8,16:49:24,15646,391315,2016-4-8,16:49:24,15141,264843,2016-4-8,16:49:24,11479,28191,2016-4-8,16:49:24,5521,12967,2016-4-8,16:49:24,14482,243452,2016-4-8,16:49:24,14797,223253
2016-4-8,16:50:46,13167,34042,2016-4-8,16:49:25,15559,396544,2016-4-8,16:49:25,16072,296541,2016-4-8,16:49:25,11488,28158,2016-4-8,16:49:25,5523,12962,2016-4-8,16:49:25,15324,310508,2016-4-8,16:49:25,16343,256047
2016-4-8,16:50:47,13159,34032,2016-4-8,16:49:26,15516,393679,2016-4-8,16:49:26,14037,227762,2016-4-8,16:49:26,11500,28120,2016-4-8,16:49:26,5525,13109,2016-4-8,16:49:26,15126,296712,2016-4-8,16:49:26,16140,243615
2016-4-8,16:50:48,13153,37035,2016-4-8,16:49:27,15060,345682,2016-4-8,16:49:27,15375,268740,2016-4-8,16:49:27,11515,28081,2016-4-8,16:49:27,5528,13224,2016-4-8,16:49:27,14604,250732,2016-4-8,16:49:27,16707,256596
2016-4-8,16:50:49,13146,34879,2016-4-8,16:49:28,15237,354602,2016-4-8,16:49:28,16054,292118,2016-4-8,16:49:28,11525,28051,2016-4-8,16:49:28,5531,13583,2016-4-8,16:49:28,14975,281112,2016-4-8,16:49:28,15760,226753
2016-4-8,16:50:50,13134,34743,2016-4-8,16:49:29,15824,418132,2016-4-8,16:49:29,16234,296885,2016-4-8,16:49:29,11532,28020,2016-4-8,16:49:29,5534,13614,2016-4-8,16:49:29,14821,262494,2016-4-8,16:49:29,16376,240739
2016-4-8,16:50:51,13125,34607,2016-4-8,16:49:30,16047,404143,2016-4-8,16:49:30,16705,309388,2016-4-8,16:49:30,11540,27025,2016-4-8,16:49:30,5533,13601,2016-4-8,16:49:30,15057,283025,2016-4-8,16:49:30,15892,226918
2016-4-8,16:50:52,13115,34466,2016-4-8,16:49:31,15715,447652,2016-4-8,16:49:31,15127,252214,2016-4-8,16:49:31,11537,26873,2016-4-8,16:49:31,5529,13589,2016-4-8,16:49:31,15274,282491,2016-4-8,16:49:31,16171,228166
2016-4-8,16:50:53,13105,34322,2016-4-8,16:49:32,16400,446159,2016-4-8,16:49:32,16399,299681,2016-4-8,16:49:32,11534,26799,2016-4-8,16:49:32,5530,13576,2016-4-8,16:49:32,15625,303520,2016-4-8,16:49:32,16417,228244
2016-4-8,16:50:54,13097,34202,2016-4-8,16:49:33,15536,405019,2016-4-8,16:49:33,16090,285955,2016-4-8,16:49:33,11544,26719,2016-4-8,16:49:33,5532,13563,2016-4-8,16:49:33,14960,282893,2016-4-8,16:49:33,16790,243416
2016-4-8,16:50:55,13091,34101,2016-4-8,16:49:34,16388,437738,2016-4-8,16:49:34,15717,268249,2016-4-8,16:49:34,11541,26624,2016-4-8,16:49:34,5530,13548,2016-4-8,16:49:34,16411,334852,2016-4-8,16:49:34,15641,207439
2016-4-8,16:50:56,13084,34060,2016-4-8,16:49:35,15875,435597,2016-4-8,16:49:35,16473,280373,2016-4-8,16:49:35,11543,26528,2016-4-8,16:49:35,5532,13531,2016-4-8,16:49:35,14557,250596,2016-4-8,16:49:35,15943,216141
2016-4-8,16:50:57,13077,34051,2016-4-8,16:49:36,15293,388860,2016-4-8,16:49:36,16763,295270,2016-4-8,16:49:36,11555,26447,2016-4-8,16:49:36,5536,13823,2016-4-8,16:49:36,16219,333176,2016-4-8,16:49:36,16934,248360
2016-4-8,16:50:58,13070,34042,2016-4-8,16:49:37,15716,402688,2016-4-8,16:49:37,15917,260469,2016-4-8,16:49:37,11560,26384,2016-4-8,16:49:37,5538,13892,2016-4-8,16:49:37,16017,312323,2016-4-8,16:49:37,17164,243991
2016-4-8,16:50:59,13065,34032,2016-4-8,16:49:38,15409,382569,2016-4-8,16:49:38,17417,304069,2016-4-8,16:49:38,11561,26300,2016-4-8,16:49:38,5536,13879,2016-4-8,16:49:38,14765,229892,2016-4-8,16:49:38,15847,209498
2016-4-8,16:51:0,13061,34022,2016-4-8,16:49:39,16216,420489,2016-4-8,16:49:39,17192,293554,2016-4-8,16:49:39,11551,26199,2016-4-8,16:49:39,5535,13861,2016-4-8,16:49:39,16289,308558,2016-4-8,16:49:39,16520,230225
2016-4-8,16:51:1,13056,34013,2016-4-8,16:49:40,15705,408367,2016-4-8,16:49:40,17599,301933,2016-4-8,16:49:40,11536,26111,2016-4-8,16:49:40,5533,13845,2016-4-8,16:49:40,15586,273960,2016-4-8,16:49:40,16753,229264
2016-4-8,16:51:2,13051,34583,2016-4-8,16:49:41,16399,422285,2016-4-8,16:49:41,16889,276157,2016-4-8,16:49:41,11536,26027,2016-4-8,16:49:41,5531,13831,2016-4-8,16:49:41,15521,263267,2016-4-8,16:49:41,16933,228301
2016-4-8,16:51:3,13043,34603,2016-4-8,16:49:42,15977,393337,2016-4-8,16:49:42,16803,269345,2016-4-8,16:49:42,11543,25943,2016-4-8,16:49:42,5533,13815,2016-4-8,16:49:42,14750,234291,2016-4-8,16:49:42,16299,204403
2016-4-8,16:51:4,13033,34453,2016-4-8,16:49:43,16597,415545,2016-4-8,16:49:43,17954,290806,2016-4-8,16:49:43,11555,25859,2016-4-8,16:49:43,5535,13799,2016-4-8,16:49:43,16418,298143,2016-4-8,16:49:43,16316,215060
2016-4-8,16:51:5,13023,34303,2016-4-8,16:49:44,17594,445184,2016-4-8,16:49:44,17968,287222,2016-4-8,16:49:44,11562,25779,2016-4-8,16:49:44,5534,13785,2016-4-8,16:49:44,16771,306066,2016-4-8,16:49:44,16861,221665
2016-4-8,16:51:6,13017,34162,2016-4-8,16:49:45,17094,433205,2016-4-8,16:49:45,16955,258458,2016-4-8,16:49:45,11566,25719,2016-4-8,16:49:45,5536,13854,2016-4-8,16:49:45,15094,252853,2016-4-8,16:49:45,17726,235208
2016-4-8,16:51:7,13009,34067,2016-4-8,16:49:46,16901,398940,2016-4-8,16:49:46,16800,251567,2016-4-8,16:49:46,11573,25649,2016-4-8,16:49:46,5538,13884,2016-4-8,16:49:46,16247,296036,2016-4-8,16:49:46,17550,219299
2016-4-8,16:51:8,13002,34056,2016-4-8,16:49:47,17127,405029,2016-4-8,16:49:47,17224,257058,2016-4-8,16:49:47,11573,25562,2016-4-8,16:49:47,5540,14066,2016-4-8,16:49:47,15234,242004,2016-4-8,16:49:47,17209,222210
2016-4-8,16:51:9,12999,34050,2016-4-8,16:49:48,16068,327758,2016-4-8,16:49:48,18868,292787,2016-4-8,16:49:48,11582,25479,2016-4-8,16:49:48,5542,14183,2016-4-8,16:49:48,16341,283728,2016-4-8,16:49:48,17215,217061
2016-4-8,16:51:10,12997,34041,2016-4-8,16:49:49,16714,335865,2016-4-8,16:49:49,18782,289057,2016-4-8,16:49:49,11584,25393,2016-4-8,16:49:49,5541,14177,2016-4-8,16:49:49,16407,285507,2016-4-8,16:49:49,18025,235959
2016-4-8,16:51:11,12996,34032,2016-4-8,16:49:50,18462,418256,2016-4-8,16:49:50,18943,290126,2016-4-8,16:49:50,11583,25305,2016-4-8,16:49:50,5541,14170,2016-4-8,16:49:50,16520,297141,2016-4-8,16:49:50,17974,239548
2016-4-8,16:51:12,12992,34022,2016-4-8,16:49:51,18082,380868,2016-4-8,16:49:51,18254,273163,2016-4-8,16:49:51,11580,25228,2016-4-8,16:49:51,5542,14164,2016-4-8,16:49:51,15676,246162,2016-4-8,16:49:51,18685,254803
2016-4-8,16:51:13,12988,34013,2016-4-8,16:49:52,17105,356259,2016-4-8,16:49:52,18898,280257,2016-4-8,16:49:52,11587,25151,2016-4-8,16:49:52,5546,14157,2016-4-8,16:49:52,17279,302388,2016-4-8,16:49:52,18854,246660
2016-4-8,16:51:14,12981,33503,2016-4-8,16:49:53,15993,323264,2016-4-8,16:49:53,17811,252616,2016-4-8,16:49:53,11595,25078,2016-4-8,16:49:53,5551,14149,2016-4-8,16:49:53,16718,289784,2016-4-8,16:49:53,18909,253167
2016-4-8,16:51:15,12975,31809,2016-4-8,16:49:54,18230,383125,2016-4-8,16:49:54,18983,270590,2016-4-8,16:49:54,11601,25014,2016-4-8,16:49:54,5556,14142,2016-4-8,16:49:54,17163,294535,2016-4-8,16:49:54,18498,233866
2016-4-8,16:51:16,12972,34041,2016-4-8,16:49:55,17956,369640,2016-4-8,16:49:55,20662,308528,2016-4-8,16:49:55,11611,24956,2016-4-8,16:49:55,5558,14136,2016-4-8,16:49:55,16701,253408,2016-4-8,16:49:55,19086,257266
2016-4-8,16:51:17,12968,34034,2016-4-8,16:49:56,19310,419459,2016-4-8,16:49:56,19060,271355,2016-4-8,16:49:56,11618,24900,2016-4-8,16:49:56,5560,14132,2016-4-8,16:49:56,16787,277496,2016-4-8,16:49:56,18818,245241
2016-4-8,16:51:18,12967,34024,2016-4-8,16:49:57,18087,364703,2016-4-8,16:49:57,17604,227874,2016-4-8,16:49:57,11627,25746,2016-4-8,16:49:57,5564,14126,2016-4-8,16:49:57,18364,326529,2016-4-8,16:49:57,17517,215516
2016-4-8,16:51:19,12962,34014,2016-4-8,16:49:58,17572,324797,2016-4-8,16:49:58,20102,275147,2016-4-8,16:49:58,11635,26704,2016-4-8,16:49:58,5566,14120,2016-4-8,16:49:58,17070,275411,2016-4-8,16:49:58,18985,235507
2016-4-8,16:51:20,12962,34005,2016-4-8,16:49:59,19104,358919,2016-4-8,16:49:59,21327,296583,2016-4-8,16:49:59,11645,26635,2016-4-8,16:49:59,5567,14115,2016-4-8,16:49:59,17705,286076,2016-4-8,16:49:59,18311,221083
2016-4-8,16:51:21,12967,30834,2016-4-8,16:50:0,18109,318930,2016-4-8,16:50:0,21813,300428,2016-4-8,16:50:0,11653,26563,2016-4-8,16:50:0,5569,14109,2016-4-8,16:50:0,17296,275888,2016-4-8,16:50:0,18320,226206
2016-4-8,16:51:22,12967,29870,2016-4-8,16:50:1,17548,332078,2016-4-8,16:50:1,18283,231443,2016-4-8,16:50:1,11663,26483,2016-4-8,16:50:1,5572,14102,2016-4-8,16:50:1,17392,272424,2016-4-8,16:50:1,20098,265398
2016-4-8,16:51:23,12962,29778,2016-4-8,16:50:2,19323,369515,2016-4-8,16:50:2,20438,266122,2016-4-8,16:50:2,11669,26416,2016-4-8,16:50:2,5576,14094,2016-4-8,16:50:2,15903,210701,2016-4-8,16:50:2,18639,225112
2016-4-8,16:51:24,12963,29706,2016-4-8,16:50:3,16737,283657,2016-4-8,16:50:3,19805,241568,2016-4-8,16:50:3,11675,26361,2016-4-8,16:50:3,5578,14086,2016-4-8,16:50:3,17324,276277,2016-4-8,16:50:3,20991,279293
2016-4-8,16:51:25,12964,29607,2016-4-8,16:50:4,19152,376887,2016-4-8,16:50:4,19615,241683,2016-4-8,16:50:4,11684,26305,2016-4-8,16:50:4,5579,14137,2016-4-8,16:50:4,17998,294711,2016-4-8,16:50:4,19032,225249
2016-4-8,16:51:26,12960,33841,2016-4-8,16:50:5,19290,329667,2016-4-8,16:50:5,22104,286739,2016-4-8,16:50:5,11693,26244,2016-4-8,16:50:5,5583,14167,2016-4-8,16:50:5,14909,190523,2016-4-8,16:50:5,18031,199237
2016-4-8,16:51:27,12952,34301,2016-4-8,16:50:6,21022,392699,2016-4-8,16:50:6,21043,265080,2016-4-8,16:50:6,11700,26186,2016-4-8,16:50:6,5585,14161,2016-4-8,16:50:6,17733,292957,2016-4-8,16:50:6,20659,259891
2016-4-8,16:51:28,12949,34179,2016-4-8,16:50:7,20197,363617,2016-4-8,16:50:7,23004,293904,2016-4-8,16:50:7,11706,26129,2016-4-8,16:50:7,5587,14157,2016-4-8,16:50:7,16372,230014,2016-4-8,16:50:7,21979,269418
2016-4-8,16:51:29,12953,34081,2016-4-8,16:50:8,19378,334298,2016-4-8,16:50:8,22046,276404,2016-4-8,16:50:8,11712,26064,2016-4-8,16:50:8,5589,14151,2016-4-8,16:50:8,17617,266622,2016-4-8,16:50:8,22262,276585
2016-4-8,16:51:30,12952,34058,2016-4-8,16:50:9,20000,342359,2016-4-8,16:50:9,23380,304079,2016-4-8,16:50:9,11723,26004,2016-4-8,16:50:9,5591,14145,2016-4-8,16:50:9,18370,286683,2016-4-8,16:50:9,20099,236451
2016-4-8,16:51:31,12951,34051,2016-4-8,16:50:10,19327,341870,2016-4-8,16:50:10,23370,299511,2016-4-8,16:50:10,11735,25983,2016-4-8,16:50:10,5596,14139,2016-4-8,16:50:10,17465,266839,2016-4-8,16:50:10,19915,225130
2016-4-8,16:51:32,12956,34046,2016-4-8,16:50:11,21005,355718,2016-4-8,16:50:11,21121,259723,2016-4-8,16:50:11,11746,25965,2016-4-8,16:50:11,5596,14132,2016-4-8,16:50:11,18084,280793,2016-4-8,16:50:11,22286,272147
2016-4-8,16:51:33,12961,34039,2016-4-8,16:50:12,21932,380806,2016-4-8,16:50:12,20435,247613,2016-4-8,16:50:12,11752,25947,2016-4-8,16:50:12,5595,14207,2016-4-8,16:50:12,18388,278117,2016-4-8,16:50:12,23051,279577
2016-4-8,16:51:34,12959,34030,2016-4-8,16:50:13,21078,368283,2016-4-8,16:50:13,23192,288404,2016-4-8,16:50:13,11760,25933,2016-4-8,16:50:13,5600,14360,2016-4-8,16:50:13,18008,259206,2016-4-8,16:50:13,23385,282389
2016-4-8,16:51:35,12955,34020,2016-4-8,16:50:14,21192,355270,2016-4-8,16:50:14,22414,275139,2016-4-8,16:50:14,11767,25919,2016-4-8,16:50:14,5601,14355,2016-4-8,16:50:14,18197,261896,2016-4-8,16:50:14,21957,244206
2016-4-8,16:51:36,12951,34011,2016-4-8,16:50:15,21975,360336,2016-4-8,16:50:15,22576,274966,2016-4-8,16:50:15,11765,25916,2016-4-8,16:50:15,5602,14351,2016-4-8,16:50:15,18158,266310,2016-4-8,16:50:15,22034,238320
2016-4-8,16:51:37,12947,42334,2016-4-8,16:50:16,20400,325170,2016-4-8,16:50:16,23491,285879,2016-4-8,16:50:16,11757,25898,2016-4-8,16:50:16,5600,14347,2016-4-8,16:50:16,17977,241172,2016-4-8,16:50:16,21728,232847
2016-4-8,16:51:38,12941,45262,2016-4-8,16:50:17,22452,358198,2016-4-8,16:50:17,24445,298453,2016-4-8,16:50:17,11754,25881,2016-4-8,16:50:17,5599,14342,2016-4-8,16:50:17,18395,255953,2016-4-8,16:50:17,24008,272167
2016-4-8,16:51:39,12938,45236,2016-4-8,16:50:18,21475,353135,2016-4-8,16:50:18,23160,283616,2016-4-8,16:50:18,11758,25864,2016-4-8,16:50:18,5599,14337,2016-4-8,16:50:18,18407,263840,2016-4-8,16:50:18,22395,246379
2016-4-8,16:51:40,12936,45207,2016-4-8,16:50:19,21810,384959,2016-4-8,16:50:19,21887,266982,2016-4-8,16:50:19,11756,25846,2016-4-8,16:50:19,5597,14331,2016-4-8,16:50:19,17893,255766,2016-4-8,16:50:19,20234,218308
2016-4-8,16:51:41,12939,45176,2016-4-8,16:50:20,20563,357435,2016-4-8,16:50:20,21033,254168,2016-4-8,16:50:20,11749,25833,2016-4-8,16:50:20,5595,14325,2016-4-8,16:50:20,19605,309313,2016-4-8,16:50:20,21587,243780
2016-4-8,16:51:42,12941,45371,2016-4-8,16:50:21,19460,337855,2016-4-8,16:50:21,23603,300016,2016-4-8,16:50:21,11748,25821,2016-4-8,16:50:21,5597,14320,2016-4-8,16:50:21,19765,320441,2016-4-8,16:50:21,21361,236941
2016-4-8,16:51:43,12944,45400,2016-4-8,16:50:22,20691,356093,2016-4-8,16:50:22,22268,285196,2016-4-8,16:50:22,11741,25804,2016-4-8,16:50:22,5599,14313,2016-4-8,16:50:22,18877,296185,2016-4-8,16:50:22,17788,179871
2016-4-8,16:51:44,12949,45371,2016-4-8,16:50:23,20393,365981,2016-4-8,16:50:23,21581,278510,2016-4-8,16:50:23,11739,25791,2016-4-8,16:50:23,5602,14307,2016-4-8,16:50:23,17537,280826,2016-4-8,16:50:23,20730,241910
2016-4-8,16:51:45,12954,45350,2016-4-8,16:50:24,18993,337841,2016-4-8,16:50:24,21788,278707,2016-4-8,16:50:24,11748,25829,2016-4-8,16:50:24,5609,14301,2016-4-8,16:50:24,18009,280653,2016-4-8,16:50:24,21692,259334
2016-4-8,16:51:46,12959,45618,2016-4-8,16:50:25,19951,331145,2016-4-8,16:50:25,21068,259591,2016-4-8,16:50:25,11755,25924,2016-4-8,16:50:25,5613,14296,2016-4-8,16:50:25,18654,302397,2016-4-8,16:50:25,22095,260222
2016-4-8,16:51:47,12962,45593,2016-4-8,16:50:26,20842,353728,2016-4-8,16:50:26,23142,296081,2016-4-8,16:50:26,11761,25908,2016-4-8,16:50:26,5617,14291,2016-4-8,16:50:26,17678,265097,2016-4-8,16:50:26,19885,221566
2016-4-8,16:51:48,12961,45558,2016-4-8,16:50:27,21007,358509,2016-4-8,16:50:27,22940,286935,2016-4-8,16:50:27,11757,25892,2016-4-8,16:50:27,5618,14287,2016-4-8,16:50:27,18118,274470,2016-4-8,16:50:27,24079,293043
2016-4-8,16:51:49,12961,45524,2016-4-8,16:50:28,20035,328762,2016-4-8,16:50:28,23294,289409,2016-4-8,16:50:28,11756,25882,2016-4-8,16:50:28,5621,14283,2016-4-8,16:50:28,18843,304129,2016-4-8,16:50:28,21933,248546
2016-4-8,16:51:50,12966,45575,2016-4-8,16:50:29,19587,321639,2016-4-8,16:50:29,23467,292013,2016-4-8,16:50:29,11754,25870,2016-4-8,16:50:29,5624,14346,2016-4-8,16:50:29,18762,286180,2016-4-8,16:50:29,22129,249677
2016-4-8,16:51:51,12970,45881,2016-4-8,16:50:30,17930,302763,2016-4-8,16:50:30,21532,263475,2016-4-8,16:50:30,11758,25855,2016-4-8,16:50:30,5626,14349,2016-4-8,16:50:30,18611,275359,2016-4-8,16:50:30,22548,260018
2016-4-8,16:51:52,12971,45845,2016-4-8,16:50:31,20915,362961,2016-4-8,16:50:31,21447,266660,2016-4-8,16:50:31,11764,25840,2016-4-8,16:50:31,5628,14345,2016-4-8,16:50:31,19161,306470,2016-4-8,16:50:31,21801,253250
2016-4-8,16:51:53,12970,45814,2016-4-8,16:50:32,21325,372912,2016-4-8,16:50:32,22970,298537,2016-4-8,16:50:32,11766,25823,2016-4-8,16:50:32,5626,14341,2016-4-8,16:50:32,18544,300894,2016-4-8,16:50:32,19978,220686
2016-4-8,16:51:54,12968,45786,2016-4-8,16:50:33,19573,336296,2016-4-8,16:50:33,22927,304826,2016-4-8,16:50:33,11760,25806,2016-4-8,16:50:33,5624,14338,2016-4-8,16:50:33,18174,281819,2016-4-8,16:50:33,21837,265015
2016-4-8,16:51:55,12966,45753,2016-4-8,16:50:34,19468,364435,2016-4-8,16:50:34,20925,270594,2016-4-8,16:50:34,11760,25792,2016-4-8,16:50:34,5621,14332,2016-4-8,16:50:34,17595,283240,2016-4-8,16:50:34,21062,259942
2016-4-8,16:51:56,12964,45715,2016-4-8,16:50:35,19490,366480,2016-4-8,16:50:35,21961,295238,2016-4-8,16:50:35,11768,25780,2016-4-8,16:50:35,5624,14327,2016-4-8,16:50:35,18040,285152,2016-4-8,16:50:35,19974,242363
2016-4-8,16:51:57,12964,45811,2016-4-8,16:50:36,19410,370757,2016-4-8,16:50:36,19096,247773,2016-4-8,16:50:36,11772,25769,2016-4-8,16:50:36,5625,14321,2016-4-8,16:50:36,17204,276572,2016-4-8,16:50:36,19305,237166
2016-4-8,16:51:58,12967,47158,2016-4-8,16:50:37,18171,362975,2016-4-8,16:50:37,20334,272800,2016-4-8,16:50:37,11775,25756,2016-4-8,16:50:37,5623,14315,2016-4-8,16:50:37,18492,319947,2016-4-8,16:50:37,20887,284074
2016-4-8,16:51:59,12971,47140,2016-4-8,16:50:38,19180,379900,2016-4-8,16:50:38,20358,280338,2016-4-8,16:50:38,11784,25743,2016-4-8,16:50:38,5623,14309,2016-4-8,16:50:38,16981,256258,2016-4-8,16:50:38,19337,245343
2016-4-8,16:52:0,12972,47121,2016-4-8,16:50:39,19035,376724,2016-4-8,16:50:39,18834,254724,2016-4-8,16:50:39,11787,25896,2016-4-8,16:50:39,5624,14304,2016-4-8,16:50:39,17337,274622,2016-4-8,16:50:39,18871,234267
2016-4-8,16:52:1,12973,47105,2016-4-8,16:50:40,18506,359984,2016-4-8,16:50:40,20205,292224,2016-4-8,16:50:40,11792,25926,2016-4-8,16:50:40,5627,14299,2016-4-8,16:50:40,18024,298030,2016-4-8,16:50:40,18072,228078
2016-4-8,16:52:2,12974,47091,2016-4-8,16:50:41,17827,341500,2016-4-8,16:50:41,18043,252128,2016-4-8,16:50:41,11789,25910,2016-4-8,16:50:41,5628,14293,2016-4-8,16:50:41,17859,304203,2016-4-8,16:50:41,18910,247605
2016-4-8,16:52:3,12976,47184,2016-4-8,16:50:42,18110,359114,2016-4-8,16:50:42,17919,253722,2016-4-8,16:50:42,11780,25893,2016-4-8,16:50:42,5629,14288,2016-4-8,16:50:42,17182,290148,2016-4-8,16:50:42,19712,270331
2016-4-8,16:52:4,12980,47745,2016-4-8,16:50:43,17416,341932,2016-4-8,16:50:43,17582,245127,2016-4-8,16:50:43,11770,25879,2016-4-8,16:50:43,5628,14282,2016-4-8,16:50:43,17106,280260,2016-4-8,16:50:43,17798,225067
2016-4-8,16:52:5,12983,47675,2016-4-8,16:50:44,17588,350064,2016-4-8,16:50:44,17966,256851,2016-4-8,16:50:44,11763,25864,2016-4-8,16:50:44,5625,14276,2016-4-8,16:50:44,16503,262730,2016-4-8,16:50:44,19546,277520
2016-4-8,16:52:6,12987,47604,2016-4-8,16:50:45,18579,396157,2016-4-8,16:50:45,19319,290507,2016-4-8,16:50:45,11749,25845,2016-4-8,16:50:45,5621,14271,2016-4-8,16:50:45,17250,295890,2016-4-8,16:50:45,17825,234743
2016-4-8,16:52:7,12991,47533,2016-4-8,16:50:46,16499,321993,2016-4-8,16:50:46,18860,289056,2016-4-8,16:50:46,11743,25830,2016-4-8,16:50:46,5622,14266,2016-4-8,16:50:46,17023,305211,2016-4-8,16:50:46,17877,248646
2016-4-8,16:52:8,12995,47468,2016-4-8,16:50:47,17764,368604,2016-4-8,16:50:47,18724,290208,2016-4-8,16:50:47,11753,25819,2016-4-8,16:50:47,5628,14262,2016-4-8,16:50:47,16150,257108,2016-4-8,16:50:47,17750,246147
2016-4-8,16:52:9,12999,48170,2016-4-8,16:50:48,17309,381410,2016-4-8,16:50:48,18461,283957,2016-4-8,16:50:48,11763,25806,2016-4-8,16:50:48,5634,14256,2016-4-8,16:50:48,16889,280545,2016-4-8,16:50:48,18094,248029
2016-4-8,16:52:10,13005,48325,2016-4-8,16:50:49,16904,373363,2016-4-8,16:50:49,18776,294637,2016-4-8,16:50:49,11775,25794,2016-4-8,16:50:49,5640,14251,2016-4-8,16:50:49,16571,275666,2016-4-8,16:50:49,18139,254963
2016-4-8,16:52:11,13013,48294,2016-4-8,16:50:50,16458,319729,2016-4-8,16:50:50,17906,277713,2016-4-8,16:50:50,11785,25781,2016-4-8,16:50:50,5645,14246,2016-4-8,16:50:50,16765,296692,2016-4-8,16:50:50,17276,239350
2016-4-8,16:52:12,13021,48263,2016-4-8,16:50:51,17399,359271,2016-4-8,16:50:51,17696,266055,2016-4-8,16:50:51,11795,25770,2016-4-8,16:50:51,5650,14241,2016-4-8,16:50:51,16141,264461,2016-4-8,16:50:51,17220,240998
2016-4-8,16:52:13,13028,48304,2016-4-8,16:50:52,16910,353491,2016-4-8,16:50:52,17137,261957,2016-4-8,16:50:52,11804,25760,2016-4-8,16:50:52,5654,14261,2016-4-8,16:50:52,16574,289490,2016-4-8,16:50:52,17264,251193
2016-4-8,16:52:14,13035,48608,2016-4-8,16:50:53,17274,369519,2016-4-8,16:50:53,17436,274404,2016-4-8,16:50:53,11812,26239,2016-4-8,16:50:53,5656,14309,2016-4-8,16:50:53,17002,321578,2016-4-8,16:50:53,17869,262632
2016-4-8,16:52:15,13042,48580,2016-4-8,16:50:54,16656,356303,2016-4-8,16:50:54,16171,237857,2016-4-8,16:50:54,11813,26309,2016-4-8,16:50:54,5657,14304,2016-4-8,16:50:54,16298,288286,2016-4-8,16:50:54,17288,246450
2016-4-8,16:52:16,13049,48551,2016-4-8,16:50:55,16452,349793,2016-4-8,16:50:55,18009,300702,2016-4-8,16:50:55,11815,26208,2016-4-8,16:50:55,5660,14299,2016-4-8,16:50:55,16531,308980,2016-4-8,16:50:55,17131,249964
2016-4-8,16:52:17,13054,48529,2016-4-8,16:50:56,17141,392519,2016-4-8,16:50:56,17281,274918,2016-4-8,16:50:56,11800,26094,2016-4-8,16:50:56,5656,14294,2016-4-8,16:50:56,15380,249252,2016-4-8,16:50:56,16993,254260
2016-4-8,16:52:18,13059,48513,2016-4-8,16:50:57,16406,348838,2016-4-8,16:50:57,15349,224160,2016-4-8,16:50:57,11783,25999,2016-4-8,16:50:57,5651,14288,2016-4-8,16:50:57,16127,298450,2016-4-8,16:50:57,18160,299311
2016-4-8,16:52:19,13065,48969,2016-4-8,16:50:58,17137,383411,2016-4-8,16:50:58,17784,295883,2016-4-8,16:50:58,11770,25980,2016-4-8,16:50:58,5645,14283,2016-4-8,16:50:58,15983,296576,2016-4-8,16:50:58,17399,272290
2016-4-8,16:52:20,13071,48940,2016-4-8,16:50:59,15937,365675,2016-4-8,16:50:59,17299,291544,2016-4-8,16:50:59,11765,25967,2016-4-8,16:50:59,5647,14277,2016-4-8,16:50:59,15078,259077,2016-4-8,16:50:59,17125,276070
2016-4-8,16:52:21,13077,48911,2016-4-8,16:51:0,16016,351121,2016-4-8,16:51:0,15253,228839,2016-4-8,16:51:0,11773,25954,2016-4-8,16:51:0,5653,14271,2016-4-8,16:51:0,15784,289594,2016-4-8,16:51:0,16917,261478
2016-4-8,16:52:22,13082,48882,2016-4-8,16:51:1,15641,321434,2016-4-8,16:51:1,16737,269065,2016-4-8,16:51:1,11774,25939,2016-4-8,16:51:1,5656,14265,2016-4-8,16:51:1,15608,279674,2016-4-8,16:51:1,17078,266622
2016-4-8,16:52:23,13085,48851,2016-4-8,16:51:2,15297,296243,2016-4-8,16:51:2,15559,245002,2016-4-8,16:51:2,11763,25921,2016-4-8,16:51:2,5653,14261,2016-4-8,16:51:2,15470,280272,2016-4-8,16:51:2,16557,250094
2016-4-8,16:52:24,13088,48818,2016-4-8,16:51:3,15727,344151,2016-4-8,16:51:3,16097,250025,2016-4-8,16:51:3,11763,25904,2016-4-8,16:51:3,5651,14258,2016-4-8,16:51:3,15590,276984,2016-4-8,16:51:3,16876,254766
2016-4-8,16:52:25,13087,49147,2016-4-8,16:51:4,16801,369904,2016-4-8,16:51:4,16496,276403,2016-4-8,16:51:4,11770,25889,2016-4-8,16:51:4,5652,14253,2016-4-8,16:51:4,16441,325049,2016-4-8,16:51:4,16946,267675
2016-4-8,16:52:26,13090,49953,2016-4-8,16:51:5,16119,346801,2016-4-8,16:51:5,16615,279546,2016-4-8,16:51:5,11776,25878,2016-4-8,16:51:5,5655,14248,2016-4-8,16:51:5,15139,266405,2016-4-8,16:51:5,15910,230926
2016-4-8,16:52:27,13093,49916,2016-4-8,16:51:6,15746,341858,2016-4-8,16:51:6,16192,261216,2016-4-8,16:51:6,11783,25868,2016-4-8,16:51:6,5658,14242,2016-4-8,16:51:6,15059,262515,2016-4-8,16:51:6,17468,290282
2016-4-8,16:52:28,13097,49880,2016-4-8,16:51:7,15923,342090,2016-4-8,16:51:7,15574,251203,2016-4-8,16:51:7,11791,25853,2016-4-8,16:51:7,5660,14237,2016-4-8,16:51:7,15584,296185,2016-4-8,16:51:7,16247,258076
2016-4-8,16:52:29,13100,49843,2016-4-8,16:51:8,14835,301457,2016-4-8,16:51:8,16305,276204,2016-4-8,16:51:8,11793,25838,2016-4-8,16:51:8,5660,14231,2016-4-8,16:51:8,14843,259520,2016-4-8,16:51:8,15821,236030
2016-4-8,16:52:30,13104,50074,2016-4-8,16:51:9,14728,297136,2016-4-8,16:51:9,15638,256016,2016-4-8,16:51:9,11789,25842,2016-4-8,16:51:9,5658,14225,2016-4-8,16:51:9,14766,264539,2016-4-8,16:51:9,16518,251445
2016-4-8,16:52:31,13107,50182,2016-4-8,16:51:10,15123,306436,2016-4-8,16:51:10,16041,269089,2016-4-8,16:51:10,11784,25912,2016-4-8,16:51:10,5655,14219,2016-4-8,16:51:10,15446,287129,2016-4-8,16:51:10,16991,278233
2016-4-8,16:52:32,13106,50146,2016-4-8,16:51:11,15574,332294,2016-4-8,16:51:11,16130,276573,2016-4-8,16:51:11,11784,25895,2016-4-8,16:51:11,5658,14214,2016-4-8,16:51:11,15771,296692,2016-4-8,16:51:11,16175,253393
2016-4-8,16:52:33,13108,50138,2016-4-8,16:51:12,16074,363851,2016-4-8,16:51:12,15084,247065,2016-4-8,16:51:12,11785,25883,2016-4-8,16:51:12,5661,14209,2016-4-8,16:51:12,14955,272942,2016-4-8,16:51:12,15963,249698
2016-4-8,16:52:34,13107,51115,2016-4-8,16:51:13,15157,336493,2016-4-8,16:51:13,15752,266351,2016-4-8,16:51:13,11787,25872,2016-4-8,16:51:13,5666,14203,2016-4-8,16:51:13,16040,326055,2016-4-8,16:51:13,17052,286591
2016-4-8,16:52:35,13108,51097,2016-4-8,16:51:14,15559,331664,2016-4-8,16:51:14,14953,244518,2016-4-8,16:51:14,11786,25858,2016-4-8,16:51:14,5672,14197,2016-4-8,16:51:14,14840,269883,2016-4-8,16:51:14,15571,234113
2016-4-8,16:52:36,13114,51073,2016-4-8,16:51:15,15628,363242,2016-4-8,16:51:15,15460,254962,2016-4-8,16:51:15,11793,25843,2016-4-8,16:51:15,5678,14191,2016-4-8,16:51:15,15353,310411,2016-4-8,16:51:15,16019,259927
2016-4-8,16:52:37,13118,51047,2016-4-8,16:51:16,15304,324882,2016-4-8,16:51:16,14894,245600,2016-4-8,16:51:16,11796,25828,2016-4-8,16:51:16,5679,14186,2016-4-8,16:51:16,14538,247747,2016-4-8,16:51:16,15788,238415
2016-4-8,16:52:38,13124,51021,2016-4-8,16:51:17,15299,317831,2016-4-8,16:51:17,15731,263916,2016-4-8,16:51:17,11796,25813,2016-4-8,16:51:17,5680,14229,2016-4-8,16:51:17,15063,289812,2016-4-8,16:51:17,16013,254493
2016-4-8,16:52:39,13129,50987,2016-4-8,16:51:18,15339,327513,2016-4-8,16:51:18,15677,265597,2016-4-8,16:51:18,11791,25798,2016-4-8,16:51:18,5678,14294,2016-4-8,16:51:18,15346,302210,2016-4-8,16:51:18,15350,241806
2016-4-8,16:52:40,13132,51349,2016-4-8,16:51:19,15671,348850,2016-4-8,16:51:19,15370,255847,2016-4-8,16:51:19,11794,25783,2016-4-8,16:51:19,5677,14289,2016-4-8,16:51:19,15590,299736,2016-4-8,16:51:19,15554,216473
2016-4-8,16:52:41,13135,51493,2016-4-8,16:51:20,15415,339393,2016-4-8,16:51:20,15852,274390,2016-4-8,16:51:20,11802,25772,2016-4-8,16:51:20,5678,14284,2016-4-8,16:51:20,15279,291396,2016-4-8,16:51:20,15677,227672
2016-4-8,16:52:42,13138,51485,2016-4-8,16:51:21,16095,353213,2016-4-8,16:51:21,16214,280984,2016-4-8,16:51:21,11800,26063,2016-4-8,16:51:21,5676,14281,2016-4-8,16:51:21,15324,298486,2016-4-8,16:51:21,16179,243763
2016-4-8,16:52:43,13138,51485,2016-4-8,16:51:22,15697,341786,2016-4-8,16:51:22,15396,256107,2016-4-8,16:51:22,11786,26058,2016-4-8,16:51:22,5673,14276,2016-4-8,16:51:22,15290,288342,2016-4-8,16:51:22,15572,233378
,2016-4-8,16:51:23,15314,315427,2016-4-8,16:51:23,15572,252659,2016-4-8,16:51:23,11772,25989,2016-4-8,16:51:23,5670,14271,2016-4-8,16:51:23,16164,317099,2016-4-8,16:51:23,15987,248040
,,,,2016-4-8,16:51:24,16027,354703,2016-4-8,16:51:24,15533,255183,2016-4-8,16:51:24,11762,25972,2016-4-8,16:51:24,5667,14267,2016-4-8,16:51:24,14843,252496,2016-4-8,16:51:24,15362,214769
,,,,2016-4-8,16:51:25,14864,323838,2016-4-8,16:51:25,15426,251723,2016-4-8,16:51:25,11762,25958,2016-4-8,16:51:25,5668,14263,2016-4-8,16:51:25,15194,257902,2016-4-8,16:51:25,16979,285179
,,,,2016-4-8,16:51:26,16170,359899,2016-4-8,16:51:26,15484,257085,2016-4-8,16:51:26,11758,25943,2016-4-8,16:51:26,5669,14257,2016-4-8,16:51:26,14026,235784,2016-4-8,16:51:26,16494,253160
,,,,2016-4-8,16:51:27,15414,316930,2016-4-8,16:51:27,15483,252803,2016-4-8,16:51:27,11764,25930,2016-4-8,16:51:27,5673,14252,2016-4-8,16:51:27,15412,274781,2016-4-8,16:51:27,16283,250189
,,,,2016-4-8,16:51:28,16044,356959,2016-4-8,16:51:28,16859,304090,2016-4-8,16:51:28,11771,25919,2016-4-8,16:51:28,5675,14247,2016-4-8,16:51:28,15216,276393,2016-4-8,16:51:28,15471,212550
,,,,2016-4-8,16:51:29,15024,285201,2016-4-8,16:51:29,16292,286201,2016-4-8,16:51:29,11779,25907,2016-4-8,16:51:29,5679,14243,2016-4-8,16:51:29,15262,285237,2016-4-8,16:51:29,16749,270259
,,,,2016-4-8,16:51:30,16071,351196,2016-4-8,16:51:30,16162,276718,2016-4-8,16:51:30,11784,25892,2016-4-8,16:51:30,5680,14238,2016-4-8,16:51:30,15376,278903,2016-4-8,16:51:30,15957,238263
